date,open,close,high,low
1/2/2018 16:56:00,76402.6,77891.04,77909.01,76402.6
1/3/2018 16:56:00,77889.41,77995.16,78413.89,77601.52
1/4/2018 16:56:00,77997.69,78647.42,79134.83,77997.69
1/5/2018 16:56:00,78644.27,79071.47,79071.47,78218.11
1/8/2018 16:56:00,79070.27,79378.54,79395.45,78631.25
1/9/2018 16:56:00,79379.21,78863.54,79414.91,78699.25
1/10/2018 16:56:00,78863.57,78200.57,78863.57,78163.85
1/11/2018 16:56:00,78200.75,79365.44,79365.44,78200.75
1/12/2018 16:56:00,79365.44,79349.12,79440.47,78861.38
1/15/2018 16:56:00,79349.12,79752.37,79846.66,79349.12
1/16/2018 16:56:00,79750.74,79831.76,80246.33,79667.72
1/17/2018 16:56:00,79831.63,81189.16,81189.47,79827.85
1/18/2018 16:56:00,81185.02,80962.65,81367.38,80498.49
1/19/2018 16:56:00,80964.73,81219.5,81429.06,80853.76
1/22/2018 16:56:00,81219.5,81675.42,81675.42,80922.85
1/23/2018 16:56:00,81676.09,80643.43,81676.09,80538.79
1/24/2018 16:56:00,80678.81,83680,83680,80678.81
1/26/2018 16:56:00,83680.24,85530.84,85530.84,83680.24
1/29/2018 16:56:00,85530.84,84698.01,85530.84,84340.7
1/30/2018 16:56:00,84697.27,84482.46,84697.27,83803.6
1/31/2018 16:56:00,84485.49,84912.7,86212.82,84484.39
2/1/2018 16:56:00,84912.87,85495.24,86027.99,84832.74
2/2/2018 16:56:00,85495.08,84041.34,85495.08,83831.19
2/5/2018 16:56:00,84039.78,81861.09,84310.79,81861.09
2/6/2018 16:56:00,81857.26,83894.04,84161.84,80804.3
2/7/2018 16:56:00,83893.81,82766.73,84375.61,82548.25
2/8/2018 16:56:00,82773.48,81532.53,83500.94,81109.01
2/9/2018 16:56:00,81531.51,80898.7,81897,79690.09
2/14/2018 16:56:00,80901.47,83542.84,83781.67,80901.47
2/15/2018 16:56:00,83550.96,84290.57,84686.1,83550.96
2/16/2018 16:56:00,84290.9,84524.58,84575.33,83823.94
2/19/2018 16:56:00,84524.58,84792.71,84955.58,84524.58
2/20/2018 16:56:00,84791.97,85803.96,86290.32,84260.62
2/21/2018 16:56:00,85803.96,86051.82,87358.33,85803.96
2/22/2018 16:56:00,86050.46,86686.45,87159.04,86050.46
2/23/2018 16:56:00,86690.01,87293.24,87344.76,86137.51
2/26/2018 16:56:00,87295.86,87652.64,88317.83,87241.92
2/27/2018 16:56:00,87648.98,86935.44,87839.35,86612.93
2/28/2018 16:56:00,86939.29,85353.6,87109.23,85199.13
3/1/2018 16:56:00,85337.16,85377.79,86260.48,84639.55
3/2/2018 16:56:00,85377.82,85761.34,85761.34,83896.94
3/5/2018 16:56:00,85761.19,86022.83,86164.8,85053.33
3/6/2018 16:56:00,86023.05,85653.02,86930.55,85653.02
3/7/2018 16:56:00,85652.9,85483.55,85652.9,84396.91
3/8/2018 16:56:00,85509.88,84984.61,85829.53,84491.49
3/9/2018 16:56:00,84987.15,86371.41,86388.75,84749.29
3/12/2018 16:56:00,86386.22,86900.43,87045.75,86386.22
3/13/2018 16:56:00,86902.49,86383.85,87333.24,86118.93
3/14/2018 16:56:00,86383.17,86050.96,86969.99,85690.89
3/15/2018 16:56:00,86050.73,84928.2,86050.73,84719.69
3/16/2018 16:56:00,84928.2,84886.49,85494.68,84525.46
3/19/2018 16:56:00,84886.15,83913.06,84886.15,83677.64
3/20/2018 16:56:00,83918.78,84163.8,84411.65,83682.04
3/21/2018 16:56:00,84165.84,84976.59,85145.34,84080.02
3/22/2018 16:56:00,84984.14,84767.88,85499.17,84196.6
3/23/2018 16:56:00,84766.09,84377.19,85449.54,84041.53
3/26/2018 16:56:00,84377.31,85087.86,85552.72,84356.76
3/27/2018 16:56:00,85102.68,83808.06,85295.81,83542.05
3/28/2018 16:56:00,83805.7,83874.14,83889,82911.67
3/29/2018 16:56:00,83874.14,85365.56,85708,83874.14
4/2/2018 16:56:00,85364.83,84666.44,85675.48,84165.56
4/3/2018 16:56:00,84668.89,84623.46,85411.27,84209.58
4/4/2018 16:56:00,84610.3,84359.69,84610.3,82826.04
4/5/2018 16:56:00,84373.95,85209.66,86147.75,84373.95
4/6/2018 16:56:00,85209.66,84820.42,85209.66,83832.67
4/9/2018 16:56:00,84832.44,83307.23,85110.06,83154.65
4/10/2018 16:56:00,83312.03,84510.36,84537.82,83312.03
4/11/2018 16:56:00,84493.89,85245.59,85416.54,84340.41
4/12/2018 16:56:00,85245.59,85443.53,85576.9,85025.38
4/13/2018 16:56:00,85441.03,84334.41,85441.03,84143.7
4/16/2018 16:56:00,84328.2,82861.58,84591.47,82761.97
4/17/2018 16:56:00,82862.26,84086.13,84191.19,82809.56
4/18/2018 16:56:00,84090.28,85776.46,86149.14,84090.28
4/19/2018 16:56:00,85774.78,85824.26,86059.44,85197.28
4/20/2018 16:56:00,85823.13,85550.09,85823.13,85024.85
4/23/2018 16:56:00,85520.42,85602.5,85745.94,84710.73
4/24/2018 16:56:00,85603.18,85469.08,86577.74,85105.85
4/25/2018 16:56:00,85465.87,85044.39,85465.87,84348.7
4/26/2018 16:56:00,85051.35,86383.2,86383.2,85051.35
4/27/2018 16:56:00,86383.2,86444.66,87178.65,86262.43
4/30/2018 16:56:00,86442.7,86115.5,86739.48,85978.54
5/2/2018 16:56:00,86110.76,84547.09,86110.76,84382.57
5/3/2018 16:56:00,84546.82,83288.14,84562.37,83178.35
5/4/2018 16:56:00,83286.38,83118.03,83670.63,82745.64
5/7/2018 16:56:00,83122.31,82714.43,83642.91,82601.51
5/8/2018 16:56:00,82714.98,82956.05,83408.91,82201.28
5/9/2018 16:56:00,82977.48,84265.49,84447.31,82855.18
5/10/2018 16:56:00,84283.91,85861.2,86200.93,84283.91
5/11/2018 16:56:00,85861.42,85220.24,86406.22,85183.37
5/14/2018 16:56:00,85221.9,85232.18,86105.04,84687.67
5/15/2018 16:56:00,85224.78,85130.42,85231.47,83829.79
5/16/2018 16:56:00,85121.64,86536.97,86678.21,85043.6
5/17/2018 16:56:00,86536.52,83621.95,86536.52,83377.37
5/18/2018 16:56:00,83613.64,83081.88,83613.64,81390.93
5/21/2018 16:56:00,83095.39,81815.32,83882.87,81575.52
5/22/2018 16:56:00,81817.42,82738.88,83395.91,81612.62
5/23/2018 16:56:00,82741.54,80867.29,82741.54,80867.29
5/24/2018 16:56:00,80859.8,80122.31,80859.8,79026.52
5/25/2018 16:56:00,80123.45,78897.66,80628.85,78622.41
5/28/2018 16:56:00,78886.48,75355.84,78886.48,75336.89
5/29/2018 16:56:00,75361.05,76071.97,77213.65,75361.05
5/30/2018 16:56:00,76057.54,76753.61,77096.63,75514.6
6/1/2018 16:56:00,76779.38,77239.75,78168.54,75524.43
6/4/2018 16:56:00,77243.91,78596.06,78637.44,77243.91
6/5/2018 16:56:00,78595.23,76641.72,78892.02,76412.03
6/6/2018 16:56:00,76641.03,76117.22,76966.87,75517.53
6/7/2018 16:56:00,76117.22,73851.46,76117.22,71161.52
6/8/2018 16:56:00,73847.88,72942.07,74031.36,71679.48
6/11/2018 16:56:00,72942.52,72307.77,73715.74,71843.01
6/12/2018 16:56:00,72308.33,72754.13,73321.55,72123.77
6/13/2018 16:56:00,72756.83,72122.14,72977.13,71035.03
6/14/2018 16:56:00,72151.33,71421.19,72707.61,71343.71
6/15/2018 16:56:00,71420.52,70757.73,71420.52,69582.5
6/18/2018 16:56:00,70757.06,69814.74,70757.06,69359.55
6/19/2018 16:56:00,69811.36,71394.34,72010.18,69068.77
6/20/2018 16:56:00,71396.77,72123.41,72617.28,71154.83
6/21/2018 16:56:00,72117.36,70074.9,72206.55,70018.65
6/22/2018 16:56:00,70076.53,70640.65,71057.56,69906.76
6/25/2018 16:56:00,70641.99,70952.97,71323.17,69779.24
6/26/2018 16:56:00,70967.67,71404.59,71621.51,70202.97
6/27/2018 16:56:00,71405.26,70609,72032.13,70133.96
6/28/2018 16:56:00,70609,71766.52,72092.31,70439.44
6/29/2018 16:56:00,71779.05,72762.51,73020.19,71779.05
7/2/2018 16:56:00,72762.51,72839.74,72839.74,71934.7
7/3/2018 16:56:00,72847.84,73667.75,74514.86,72847.84
7/4/2018 16:56:00,73667.4,74743.11,74904.36,73449.59
7/5/2018 16:56:00,74751.02,74553.06,75126.63,73755.83
7/6/2018 16:56:00,74557.62,75010.39,75064.74,74047.97
7/10/2018 16:56:00,75015.1,74862.38,75895.19,74431.23
7/11/2018 16:56:00,74862.38,74398.55,75024.51,74196.44
7/12/2018 16:56:00,74402.98,75856.22,75897.89,74402.98
7/13/2018 16:56:00,75856.22,76594.35,76682.09,75553.78
7/16/2018 16:56:00,76587.39,76652.58,76923.95,76129.27
7/17/2018 16:56:00,76652.52,78130.3,78522.17,76481.91
7/18/2018 16:56:00,78123.54,77362.63,78496.15,77163.55
7/19/2018 16:56:00,77359.85,77486.84,77486.84,75889.82
7/20/2018 16:56:00,77499.69,78571.29,79488.74,77499.69
7/23/2018 16:56:00,78571.29,77996.12,78639.38,77871.41
7/24/2018 16:56:00,78005.14,79154.98,79496.72,78005.14
7/25/2018 16:56:00,79154.02,80218.04,80436.63,79154.02
7/26/2018 16:56:00,80242.42,79405.34,80588.66,79081.32
7/27/2018 16:56:00,79405.45,79866.1,80250.92,79405.45
7/30/2018 16:56:00,79865.74,80275.59,80491.57,79699.03
7/31/2018 16:56:00,80279.31,79220.43,80279.31,79016.26
8/1/2018 16:56:00,79212.99,79301.65,79730.63,78768.87
8/2/2018 16:56:00,79237.2,79636.69,79896.29,78573.05
8/3/2018 16:56:00,79655.71,81434.98,81792.1,79655.71
8/6/2018 16:56:00,81444.64,81050.76,81764.9,80964.91
8/7/2018 16:56:00,81092.69,80346.52,81742.39,79923.07
8/8/2018 16:56:00,80346.52,79151.7,80911.99,78966.21
8/9/2018 16:56:00,79170.78,78767.99,79460.64,78156.47
8/10/2018 16:56:00,78766.07,76514.35,78766.07,76043.11
8/13/2018 16:56:00,76513,77496.45,77689.01,75931.14
8/14/2018 16:56:00,77498.61,78602.11,78741.69,77498.61
8/15/2018 16:56:00,78613.52,77077.99,78617.96,76828.55
8/16/2018 16:56:00,77084.96,76818.72,77703.73,76381.27
8/17/2018 16:56:00,76816.84,76028.5,76816.84,75632.81
8/20/2018 16:56:00,76028.61,76327.89,76497.03,75607.85
8/21/2018 16:56:00,76326.79,75180.4,76339.91,74914.79
8/22/2018 16:56:00,75171.37,76902.3,76904.48,74875.8
8/23/2018 16:56:00,76898.15,75633.77,77232.11,75465.85
8/24/2018 16:56:00,75647.35,76262.23,76628.66,75647.35
8/27/2018 16:56:00,76264.27,77929.68,78007.58,76264.27
8/28/2018 16:56:00,77927.7,77473.18,78038.05,77149.44
8/29/2018 16:56:00,77471.84,78388.83,78782.51,77399.08
8/30/2018 16:56:00,78388.83,76404.09,78388.83,76372.21
8/31/2018 16:56:00,76385.67,76677.53,77202.24,76025.96
9/3/2018 16:56:00,76675.48,76192.73,76675.48,75728.84
9/4/2018 16:56:00,76192.18,74711.8,76192.18,74605.49
9/5/2018 16:56:00,74712.14,75092.27,75369.51,74276.4
9/6/2018 16:56:00,75098.3,76416.01,76533.41,74986.42
9/10/2018 16:56:00,76416.01,76436.35,77293.01,76114.61
9/11/2018 16:56:00,76437.15,74656.51,76437.15,74274.51
9/12/2018 16:56:00,74679.79,75124.81,75679.52,74498.71
9/13/2018 16:56:00,75126.02,74686.67,75407.05,74500.94
9/14/2018 16:56:00,74686.67,75429.09,75704.76,74444.78
9/17/2018 16:56:00,75428.42,76788.85,76893.13,75227.25
9/18/2018 16:56:00,76780.71,78313.96,78454.46,76676.97
9/19/2018 16:56:00,78268.35,78168.66,79020.76,77623.92
9/20/2018 16:56:00,78168.66,78116.01,78943.89,77820.24
9/21/2018 16:56:00,78116.32,79444.29,80001.6,78116.32
9/24/2018 16:56:00,79446.73,77984.18,79446.73,77857.06
9/25/2018 16:56:00,77979.59,78630.14,78688.47,77005.45
9/26/2018 16:56:00,78634.18,78656.16,79460.89,78530.18
9/27/2018 16:56:00,78675.71,80000.09,80106.92,78675.71
9/28/2018 16:56:00,80000.09,79342.42,80000.09,78966.99
10/1/2018 16:56:00,79350.43,78623.66,79556.55,78090.72
10/2/2018 16:56:00,78625.46,81612.28,81778.19,78625.46
10/3/2018 16:56:00,81624.31,83273.4,85441.79,81622.97
10/4/2018 16:56:00,83275.01,82952.81,83430.4,81891.66
10/5/2018 16:56:00,82972.09,82321.52,83804.97,82029.95
10/8/2018 16:56:00,82324.46,86083.91,87333.09,82324.46
10/9/2018 16:56:00,86052.94,86087.55,86573.49,85432.7
10/10/2018 16:56:00,86084.48,83679.11,86084.57,83679.11
10/11/2018 16:56:00,83700.4,82921.08,84748.55,82607.34
10/15/2018 16:56:00,82922.49,83359.76,84278.04,82922.49
10/16/2018 16:56:00,83420.01,85717.56,85717.56,83420.01
10/17/2018 16:56:00,85713.92,85763.95,86167.32,84944.05
10/18/2018 16:56:00,85759.82,83847.12,85759.82,83845.84
10/19/2018 16:56:00,83845.35,84219.74,84954.41,83666.71
10/22/2018 16:56:00,84221.85,85596.69,85772.47,84221.85
10/23/2018 16:56:00,85595.34,85300.03,85595.34,84032.43
10/24/2018 16:56:00,85301.87,83063.56,85786.21,83034.85
10/25/2018 16:56:00,83124.32,84083.51,84830.92,83124.32
10/26/2018 16:56:00,84083.51,85719.87,85719.87,83497.17
10/29/2018 16:56:00,85012.11,83796.71,85869.37,82782.96
10/30/2018 16:56:00,83801.52,86885.71,86989.63,83801.52
10/31/2018 16:56:00,86888.69,87423.55,88028.2,86213.13
11/1/2018 16:56:00,87427.56,88419.05,89017.37,87094.01
11/5/2018 16:56:00,88418.37,89598.16,89598.16,88347.26
11/6/2018 16:56:00,89587.02,88668.92,89587.02,88065.84
11/7/2018 16:56:00,88676.31,87714.35,89564.71,87540.86
11/8/2018 16:56:00,87719.45,85620.13,88569.7,85620.13
11/9/2018 16:56:00,85620.13,85641.21,86233.42,84030.36
11/12/2018 16:56:00,85643.9,85524.7,86227.44,85009.29
11/13/2018 16:56:00,85531.13,84914.11,85940.63,84071.39
11/14/2018 16:56:00,84898.4,85973.06,85973.06,84267.01
11/16/2018 16:56:00,85974.89,88515.27,88516.46,85974.89
11/19/2018 16:56:00,88472.47,87900.83,88483.65,87046.54
11/21/2018 16:56:00,87896.13,87268.8,87896.13,86254.21
11/22/2018 16:56:00,87268.68,87477.44,87656.37,87221.67
11/23/2018 16:56:00,87479.45,86230.22,87479.45,85762.82
11/26/2018 16:56:00,86237.45,85546.51,87147.38,84904.74
11/27/2018 16:56:00,85547.48,87891.18,88017.9,85376.78
11/28/2018 16:56:00,87891.18,89250.82,89482.93,87153.47
11/29/2018 16:56:00,89249.06,89709.56,89909.58,88475.27
11/30/2018 16:56:00,89709.12,89504.03,90245.54,89257.73
12/3/2018 16:56:00,89511.16,89820.09,91242.22,89429.17
12/4/2018 16:56:00,89820.09,88624.45,90452.48,88041.23
12/5/2018 16:56:00,88644.17,89039.79,89111.2,88448.91
12/6/2018 16:56:00,88932.58,88846.48,88932.58,87025.06
12/7/2018 16:56:00,88849.12,88115.07,89985.99,87907.38
12/10/2018 16:56:00,88115.07,85914.71,88384.22,85914.71
12/11/2018 16:56:00,85918.08,86419.57,87520.48,85583.05
12/12/2018 16:56:00,86419.92,86977.46,87945.65,86419.92
12/13/2018 16:56:00,86979.07,87837.59,87842.49,86856.34
12/14/2018 16:56:00,87837.59,87449.5,88183.93,87106.12
12/17/2018 16:56:00,87448.03,86399.68,87819.9,86327.69
12/18/2018 16:56:00,86400.35,86610.49,87274.15,86400.35
12/19/2018 16:56:00,86616.59,85673.52,88101.07,85673.52
12/20/2018 16:56:00,85678.06,85269.29,86583.73,84755.68
12/21/2018 16:56:00,85268.82,85697.15,86554.05,85134.12
12/26/2018 16:56:00,85684.26,85136.1,85684.26,83891.74
12/27/2018 16:56:00,85140.6,85460.2,85738.96,84876.08
12/28/2018 16:56:00,85469.47,87887.26,88044.02,85469.47
1/2/2019 16:56:00,87887.26,91012.31,91478.84,87535.87
1/3/2019 16:56:00,91011,91564.25,91596.28,89921.57
1/4/2019 16:56:00,91576.64,91840.79,92701.36,90823.78
1/7/2019 16:56:00,91845.16,91699.05,92551.88,91288.27
1/8/2019 16:56:00,91699.05,92031.86,92230.99,91063.9
1/9/2019 16:56:00,92032.69,93613.04,93625.82,92028.41
1/10/2019 16:56:00,93599.15,93805.93,93987.17,93049.78
1/11/2019 16:56:00,93805.57,93658.31,93960.78,93358.67
1/14/2019 16:56:00,93644.87,94474.13,94474.13,93335.06
1/15/2019 16:56:00,94474.13,94055.72,94695.12,93401.51
1/16/2019 16:56:00,94056.82,94393.07,94393.07,93686.83
1/17/2019 16:56:00,94393.07,95351.09,95681.82,93950.41
1/18/2019 16:56:00,95386.26,96096.75,96395.98,95386.26
1/21/2019 16:56:00,96092.61,96009.77,96092.61,94862.85
1/22/2019 16:56:00,96008.44,95103.38,96069.51,94661.91
1/23/2019 16:56:00,95115.8,96558.42,96575.98,95115.8
1/24/2019 16:56:00,96557.73,97677.19,97677.19,96557.73
1/28/2019 16:56:00,97674.04,95443.88,97936.82,94783.03
1/29/2019 16:56:00,95508.28,95639.33,96751.32,95508.28
1/30/2019 16:56:00,95642.96,96996.21,97106.68,95642.96
1/31/2019 16:56:00,96996.45,97393.74,98405.21,96996.45
2/1/2019 16:56:00,97395.48,97861.27,98043.9,96990.33
2/4/2019 16:56:00,97861.27,98588.63,98588.63,96900.79
2/5/2019 16:56:00,98586.8,98311.2,98586.8,97596.41
2/6/2019 16:56:00,98307.91,94635.57,98307.91,94635.57
2/7/2019 16:56:00,94654,94405.59,95641.51,93507.18
2/8/2019 16:56:00,94401.26,95343.1,95485.59,93424.29
2/11/2019 16:56:00,95351.17,94412.91,95498.93,93736.67
2/12/2019 16:56:00,94419.93,96168.4,96571.42,94419.93
2/13/2019 16:56:00,96168.78,95842.4,96803.73,95388.93
2/14/2019 16:56:00,95842.52,98015.09,98018.83,94915.48
2/15/2019 16:56:00,98015.09,97525.91,98237.8,97083.07
2/18/2019 16:56:00,97526.51,96509.89,97526.51,96238.89
2/19/2019 16:56:00,96512.65,97659.15,98185.19,96512.65
2/20/2019 16:56:00,97661.29,96544.81,98543.68,96544.81
2/21/2019 16:56:00,96546.17,96932.27,97231.4,95793.1
2/22/2019 16:56:00,96928.8,97885.6,97886.63,96928.8
2/25/2019 16:56:00,97881.03,97239.9,98189.91,97087.23
2/26/2019 16:56:00,97242.44,97602.5,97903.97,97235.48
2/27/2019 16:56:00,97602.5,97307.31,97781.81,96885.98
2/28/2019 16:56:00,97307.38,95584.35,97528.01,95364.39
3/1/2019 16:56:00,95584.35,94603.75,96113.18,94393.59
3/6/2019 16:56:00,94603.63,94216.87,94889.38,93945.46
3/7/2019 16:56:00,94216.25,94340.17,94532.25,93728.95
3/8/2019 16:56:00,94340.17,95364.85,95475.68,93304.76
3/11/2019 16:56:00,95384.46,98026.62,98026.62,95384.46
3/12/2019 16:56:00,98038.1,97828.03,98149.69,97266.94
3/13/2019 16:56:00,97831.23,98903.88,99267.22,97464.1
3/14/2019 16:56:00,98904.72,98604.67,99035.54,97775.83
3/15/2019 16:56:00,98604.99,99136.74,99393.33,98597.33
3/18/2019 16:56:00,99141.49,99993.92,100037.69,99141.43
3/19/2019 16:56:00,99990.91,99588.37,100438.87,99372.87
3/20/2019 16:56:00,99588.47,98041.37,99707.96,97980.93
3/21/2019 16:56:00,98041.14,96729.08,98045.97,95456.28
3/22/2019 16:56:00,96724.71,93735.15,96724.71,93379.64
3/25/2019 16:56:00,93735.41,93662.01,94383.78,93103.15
3/26/2019 16:56:00,93668.27,95306.82,95524.7,93668.27
3/27/2019 16:56:00,95297.25,91903.4,95297.25,91903.4
3/28/2019 16:56:00,91900.6,94388.94,94853.71,91584.26
3/29/2019 16:56:00,94401.69,95414.55,95862.75,94401.69
4/1/2019 16:56:00,95422.9,96054.45,96751.53,95422.9
4/2/2019 16:56:00,96199.81,95386.76,96690.17,94824.93
4/3/2019 16:56:00,95392.32,94491.48,96442.31,94124.4
4/4/2019 16:56:00,94502.6,96313.06,96393.56,94333.95
4/5/2019 16:56:00,96319.32,97108.17,97493.1,96152.08
4/8/2019 16:56:00,97110.05,97369.29,97610.25,96742.91
4/9/2019 16:56:00,97366.05,96291.79,97366.05,95487.57
4/10/2019 16:56:00,96291.79,95953.45,96902.14,95669.58
4/11/2019 16:56:00,95953.9,94754.7,95953.9,94173.36
4/12/2019 16:56:00,94746.92,92875,94768.18,92516.32
4/15/2019 16:56:00,92874.83,93082.97,93722.86,92697.05
4/16/2019 16:56:00,93082.09,94333.31,95061.95,92878.99
4/17/2019 16:56:00,94336.78,93284.75,95041.78,92337.54
4/18/2019 16:56:00,93285.33,94578.26,95140.29,93285.33
4/22/2019 16:56:00,94577.82,94588.06,95037.9,93720.5
4/23/2019 16:56:00,94590.49,95923.24,96315.4,94590.49
4/24/2019 16:56:00,95923.48,95045.43,95923.48,94163.33
4/25/2019 16:56:00,95026.88,96552.03,96552.03,94212.77
4/26/2019 16:56:00,96552.15,96236.04,96563.2,95620.12
4/29/2019 16:56:00,96253.53,96187.75,97123.09,96003.57
4/30/2019 16:56:00,96191.45,96353.33,96706.71,95613.24
5/2/2019 16:56:00,96339.31,95527.62,96339.31,95311.67
5/3/2019 16:56:00,95520.64,96007.89,96314.61,95520.64
5/6/2019 16:56:00,95991.51,95008.66,95991.51,94539.99
5/7/2019 16:56:00,95008.66,94388.73,95008.66,92749.7
5/8/2019 16:56:00,94388.56,95596.61,96311.89,94388.56
5/9/2019 16:56:00,95596.61,94807.85,95596.61,93883.23
5/10/2019 16:56:00,94809,94257.56,94847.83,93234.12
5/13/2019 16:56:00,94252.49,91726.54,94252.49,91599.97
5/14/2019 16:56:00,91736.48,92092.44,92528.53,91562.45
5/15/2019 16:56:00,92087.83,91623.44,92087.83,90294.63
5/16/2019 16:56:00,91621.82,90024.47,91621.82,89778.11
5/17/2019 16:56:00,90023.41,89992.73,91320.54,89408.93
5/20/2019 16:56:00,90005.81,91946.19,92116.51,89822.25
5/21/2019 16:56:00,91945.56,94484.63,94572.55,91945.56
5/22/2019 16:56:00,94485.43,94360.66,95211.75,93882.56
5/23/2019 16:56:00,94360.1,93910.03,94546.68,93299.97
5/24/2019 16:56:00,93912.05,93627.8,94899.52,93545.46
5/27/2019 16:56:00,93625.7,94864.25,95444.04,93625.7
5/28/2019 16:56:00,94863.04,96392.76,96551.8,94706.7
5/29/2019 16:56:00,96388.66,96566.55,96985.83,95689.78
5/30/2019 16:56:00,96565.54,97457.36,97939.08,96510.53
5/31/2019 16:56:00,97419.73,97030.32,97992.31,96792.4
6/3/2019 16:56:00,97035.78,97020.48,97756.75,96429.88
6/4/2019 16:56:00,97020.1,97380.28,97722.88,96593.43
6/5/2019 16:56:00,97381.37,95998.75,97686.14,95685.84
6/6/2019 16:56:00,96001.79,97204.85,97461.97,96001.79
6/7/2019 16:56:00,97204.85,97821.26,98325.57,97204.85
6/10/2019 16:56:00,97827.62,97466.69,97856,96782.23
6/11/2019 16:56:00,97466.69,98960,98984.6,97466.69
6/12/2019 16:56:00,98959.59,98320.88,99239.5,97831
6/13/2019 16:56:00,98321.11,98773.7,99364.48,98321.11
6/14/2019 16:56:00,98775.72,98040.06,98980.83,97600.83
6/17/2019 16:56:00,98037.52,97623.25,98439.36,97622.65
6/18/2019 16:56:00,97633.36,99404.39,99411.78,97633.36
6/19/2019 16:56:00,99403.24,100303.41,100327.15,98977.84
6/21/2019 16:56:00,100304.79,102012.64,102099.65,100304.79
6/24/2019 16:56:00,102017.56,102062.33,102617.31,101588.92
6/25/2019 16:56:00,102061.44,100092.95,102061.44,99890.22
6/26/2019 16:56:00,100094.59,100688.63,101126.24,100094.59
6/27/2019 16:56:00,100688.63,100723.97,101024.95,99420.64
6/28/2019 16:56:00,100726.43,100967.2,101562.52,100726.43
7/1/2019 16:56:00,100973.48,101339.68,102431.61,100973.48
7/2/2019 16:56:00,101342.31,100605.17,101564.53,100072.77
7/3/2019 16:56:00,100576.27,102043.11,102176.96,100451.36
7/4/2019 16:56:00,102046.55,103636.17,104021.6,102046.55
7/5/2019 16:56:00,103628.28,104089.47,104175.9,102621.7
7/8/2019 16:56:00,104090.14,104530.22,104679.3,103987.99
7/10/2019 16:56:00,104536.7,105817.06,106650.12,104536.7
7/11/2019 16:56:00,105818.26,105146.44,105885.5,104813.51
7/12/2019 16:56:00,105157.57,103905.99,105730.54,103903.06
7/15/2019 16:56:00,103909.11,103802.69,104577.91,103494.84
7/16/2019 16:56:00,103805.39,103775.41,104439.98,103361.08
7/17/2019 16:56:00,103775.14,103855.53,104453.09,103711.71
7/18/2019 16:56:00,103859.36,104716.59,104773.05,103859.36
7/19/2019 16:56:00,104716.41,103451.93,104722.64,103387.84
7/22/2019 16:56:00,103451.93,103949.46,104278.14,103451.93
7/23/2019 16:56:00,103949.46,103704.28,104429.57,103518.2
7/24/2019 16:56:00,103706.64,104119.54,104570.36,103706.64
7/25/2019 16:56:00,104118.8,102654.58,104439.7,102390.47
7/26/2019 16:56:00,102653.9,102818.93,103209.05,102196.31
7/29/2019 16:56:00,102817.42,103482.63,103482.63,102460.82
7/30/2019 16:56:00,103482.87,102932.76,103554.99,102596.13
7/31/2019 16:56:00,102945.65,101812.13,103128.7,100950.36
8/1/2019 16:56:00,101818.93,102125.94,104055.69,101818.93
8/2/2019 16:56:00,102122.39,102673.68,103179.66,101667.02
8/5/2019 16:56:00,102657.77,100097.75,102657.77,99630.09
8/6/2019 16:56:00,100097.51,102163.69,102178.08,100097.51
8/7/2019 16:56:00,102163.25,102782.37,102784.21,100476.12
8/8/2019 16:56:00,102782.37,104115.23,104281.89,102782.37
8/9/2019 16:56:00,104101.95,103996.16,104848.18,103546.67
8/12/2019 16:56:00,103945.84,101915.22,103945.84,101621.22
8/13/2019 16:56:00,101912.15,103299.47,103778.22,101414.44
8/14/2019 16:56:00,103270.08,100258.01,103270.08,99954.75
8/15/2019 16:56:00,100262.03,99056.91,101014.41,98200.36
8/16/2019 16:56:00,99059.12,99805.78,100566.93,99059.12
8/19/2019 16:56:00,99809.52,99468.67,100947.6,98908.19
8/20/2019 16:56:00,99471.93,99222.25,99664.75,98002.03
8/21/2019 16:56:00,99227.12,101201.9,101240.13,99221.27
8/22/2019 16:56:00,101209.02,100011.28,101469.05,100011.28
8/23/2019 16:56:00,100007.25,97667.49,100024.83,97085.21
8/26/2019 16:56:00,97686.54,96429.6,98435.96,95960.74
8/27/2019 16:56:00,96434.3,97276.19,97950.98,95855.3
8/28/2019 16:56:00,97273.35,98193.53,98346.03,96557.06
8/29/2019 16:56:00,98194.11,100524.43,100683.87,98194.11
8/30/2019 16:56:00,100526.27,101134.61,101551.35,100526.27
9/2/2019 16:56:00,101132.51,100625.74,101611.02,100625.74
9/3/2019 16:56:00,100626.38,99680.83,101416.66,99406.15
9/4/2019 16:56:00,99705.69,101200.89,101200.89,99705.69
9/5/2019 16:56:00,101203.84,102243,103258.48,101203.84
9/6/2019 16:56:00,102246.83,102935.43,103181.64,102245.98
9/9/2019 16:56:00,102936.68,103180.59,104259.77,102792.78
9/10/2019 16:56:00,103179.94,103031.5,103503.45,102230.73
9/11/2019 16:56:00,103035.89,103445.6,104155.86,103035.89
9/12/2019 16:56:00,103452.52,104370.91,104618.01,103452.52
9/13/2019 16:56:00,104371.1,103501.18,104699.2,103274.91
9/16/2019 16:56:00,103495.52,103680.41,104004.61,102782.33
9/17/2019 16:56:00,103679.69,104616.86,104618.93,103078.89
9/18/2019 16:56:00,104616.28,104531.93,104761.84,103684.12
9/19/2019 16:56:00,104555.31,104339.16,106001.35,104285.83
9/20/2019 16:56:00,104339.16,104817.4,105044.5,103913.5
9/23/2019 16:56:00,104817.39,104637.82,104817.39,104019.5
9/24/2019 16:56:00,104637.51,103875.66,104892.9,103503.53
9/25/2019 16:56:00,103856.87,104480.98,104480.98,103033.84
9/26/2019 16:56:00,104485.18,105319.4,105342.3,104337.39
9/27/2019 16:56:00,105319.4,105077.63,105632.94,104505.69
9/30/2019 16:56:00,105077.45,104745.32,105177.5,104638.18
10/1/2019 16:56:00,104745.06,104053.4,105121.16,103837.47
10/2/2019 16:56:00,104049.12,101031.44,104049.12,100943.82
10/3/2019 16:56:00,101031.44,101516.04,101560.23,99826.3
10/4/2019 16:56:00,101516.04,102551.32,102579.55,101057.36
10/7/2019 16:56:00,102546.02,100572.77,102546.02,100541.89
10/8/2019 16:56:00,100564.6,99981.4,101296.28,99867.59
10/9/2019 16:56:00,100005.44,101248.78,101566.59,100005.44
10/10/2019 16:56:00,101243.74,101817.13,102482.98,101152.12
10/11/2019 16:56:00,101818.6,103831.92,104380.89,101818.6
10/14/2019 16:56:00,103833.59,104301.58,104304.85,103438.47
10/15/2019 16:56:00,104298.53,104489.56,105047.62,104052.48
10/16/2019 16:56:00,104485.87,105422.8,105462.07,103521.08
10/17/2019 16:56:00,105388.63,105015.77,105891.19,104826.61
10/18/2019 16:56:00,105011.71,104728.89,105464.25,104524.97
10/21/2019 16:56:00,104728.89,106022.28,106026.91,104695.52
10/22/2019 16:56:00,106022.71,107381.11,107420.73,105927.32
10/23/2019 16:56:00,107381.11,107543.59,107958.82,107040.79
10/24/2019 16:56:00,107552.72,106986.15,107744.08,106592.72
10/25/2019 16:56:00,106989.54,107363.77,108083.26,106989.54
10/28/2019 16:56:00,107365.66,108187.06,108392.72,107362.47
10/29/2019 16:56:00,108189.32,107556.26,108195.22,107313.05
10/30/2019 16:56:00,107557.11,108407.54,108407.54,106668.4
10/31/2019 16:56:00,108403.12,107219.83,108403.12,106355.82
11/1/2019 16:56:00,107220.94,108195.63,108496.08,107220.43
11/4/2019 16:56:00,108195.72,108779.33,109352.13,108195.72
11/5/2019 16:56:00,108778.78,108719.02,109342.86,108252.78
11/6/2019 16:56:00,108719.02,108360.22,109633.14,107445.54
11/7/2019 16:56:00,108360.22,109580.57,109671.91,108360.22
11/8/2019 16:56:00,109572.16,107628.98,109572.16,107126.65
11/11/2019 16:56:00,107621.72,108367.44,108367.44,106813.53
11/12/2019 16:56:00,108367.8,106751.11,108367.8,106232.45
11/13/2019 16:56:00,106751.11,106059.95,106785.79,105260.78
11/14/2019 16:56:00,106052.39,106556.88,106757.61,105820.37
11/18/2019 16:56:00,106566.04,106269.25,107519.18,106246.06
11/19/2019 16:56:00,106268.82,105864.18,106949.81,105366.68
11/21/2019 16:56:00,105866.12,107496.73,107496.73,105864.47
11/22/2019 16:56:00,107496.51,108692.28,108692.28,107156.64
11/25/2019 16:56:00,108692.28,108423.93,108914.73,108079.87
11/26/2019 16:56:00,108423.93,107059.4,108423.93,106413.93
11/27/2019 16:56:00,107059.4,107707.75,107991.15,106312.21
11/28/2019 16:56:00,107707.75,108290.09,108333.02,107148.02
11/29/2019 16:56:00,108290.09,108233.28,108707.55,107759.39
12/2/2019 16:56:00,108233.28,108927.83,109278.67,108233.28
12/3/2019 16:56:00,108930.97,108956.02,109197.77,108190.46
12/4/2019 16:56:00,108961.96,110300.93,110300.93,108961.96
12/5/2019 16:56:00,110297.33,110622.27,111072.8,110007.67
12/6/2019 16:56:00,110622.92,111125.75,111429.66,110622.92
12/9/2019 16:56:00,111125.1,110977.23,111453.05,110869.87
12/10/2019 16:56:00,110973.03,110672.01,111184.37,110132.84
12/11/2019 16:56:00,110672.07,110963.87,111226.71,110529.5
12/12/2019 16:56:00,110963.08,112199.74,112444.74,110963.08
12/13/2019 16:56:00,112204.76,112564.86,112829.31,111779.96
12/16/2019 16:56:00,112565.28,111896.04,113196.83,111896.04
12/17/2019 16:56:00,111896.54,112615.66,112695.34,111896.54
12/18/2019 16:56:00,112618.25,114314.65,114338.51,112299.9
12/19/2019 16:56:00,114313.35,115131.25,115132.01,113712.39
12/20/2019 16:56:00,115133.12,115121.08,115170.58,114525.95
12/23/2019 16:56:00,115118.96,115863.29,115863.29,114964.34
12/26/2019 16:56:00,115864.38,117203.2,117219.91,115672.53
12/27/2019 16:56:00,117205.09,116533.98,117802.86,115995.12
12/30/2019 16:56:00,116530.28,115645.34,117085.94,115599.16
1/2/2020 16:56:00,115651.95,118573.1,118573.1,115648.97
1/3/2020 17:50:00,118564.44,117706.66,118791.86,117340.57
1/6/2020 16:56:00,117706.66,116877.92,117706.66,116268.69
1/7/2020 16:56:00,116212.43,116661.94,116212.43,116212.43
1/8/2020 16:56:00,116667.32,116247.03,117334.82,115693.02
1/9/2020 16:56:00,116247.52,115947.11,116820.04,115410.67
1/10/2020 16:56:00,115947.76,115503.42,116744.9,114952.34
1/13/2020 16:56:00,115502.53,117325.28,117333.11,115502.53
1/14/2020 16:56:00,117325.08,117632.4,117705.16,116609.75
1/15/2020 16:56:00,117632.4,116414.35,117632.4,116188.11
1/16/2020 16:56:00,116414.88,116704.21,117105.58,115961.42
1/17/2020 16:56:00,116709.91,118478.3,118478.95,116709.91
1/20/2020 16:56:00,118478.38,118861.63,118861.63,117927.53
1/21/2020 16:56:00,118860.85,117026.04,118860.85,117026.04
1/22/2020 16:56:00,117035.48,118391.36,118400.98,117035.48
1/23/2020 16:56:00,118391.45,119527.63,119534.8,116905.95
1/24/2020 16:56:00,119527.63,118376.36,119593.1,118108.3
1/27/2020 16:56:00,118346.72,114481.84,118346.72,114375.58
1/28/2020 16:56:00,114482.37,116478.98,116796.7,114474.61
1/29/2020 16:56:00,116494.45,115384.84,117171.28,115163.75
1/30/2020 16:56:00,115374.99,115528.04,115528.04,112825.49
1/31/2020 16:56:00,115518.2,113760.57,115518.2,113148.36
2/3/2020 16:56:00,113760.57,114629.21,115299.47,113467.4
2/4/2020 16:56:00,114630.58,115556.71,116555.61,114630.58
2/5/2020 16:56:00,115562.65,116028.27,117700.53,115562.34
2/6/2020 16:56:00,116033.22,115189.97,117381.83,114722.68
2/7/2020 16:56:00,115189.97,113770.29,115189.97,113769.14
2/10/2020 16:56:00,113771.35,112570.3,114176.46,112134.4
2/11/2020 16:56:00,112573.78,115370.61,115576.21,112573.78
2/12/2020 16:56:00,115371.2,116674.13,117580.93,115371.2
2/13/2020 16:56:00,116659.69,115662.4,116659.69,114800.64
2/14/2020 16:56:00,115662.73,114380.71,115662.73,114132.37
2/17/2020 16:56:00,114381.36,115309.08,115696.35,114381.36
2/18/2020 16:56:00,115309.22,114977.29,115309.22,113532.04
2/19/2020 16:56:00,114981.9,116517.59,116545.32,114774.04
2/20/2020 16:56:00,116517.59,114586.24,116552.46,114379.14
2/21/2020 16:56:00,114584.97,113681.42,114584.97,112661.31
2/26/2020 16:56:00,113646.53,105718.29,113646.53,105052.8
2/27/2020 16:56:00,105710.7,102983.54,106656.32,102983.54
2/28/2020 16:56:00,102983.54,104171.57,104171.57,99950.96
3/2/2020 16:56:00,104259.51,106625.41,107220.02,103779.26
3/3/2020 16:56:00,106630.34,105537.14,108803.58,104404.82
3/4/2020 16:56:00,105540.27,107224.22,107808.91,105042.11
3/5/2020 16:56:00,107216.56,102233.24,107216.56,100536.15
3/6/2020 16:56:00,102230.5,97996.77,102230.5,96885.83
3/9/2020 16:56:00,97982.08,86067.2,97982.08,85879.64
3/10/2020 16:56:00,86070.96,92214.47,92230.27,86070.96
3/11/2020 16:56:00,92202.15,85171.13,92202.15,80795.5
3/12/2020 16:56:00,85103.19,72582.53,85103.19,68488.29
3/13/2020 16:56:00,72621.49,82677.91,83757.51,72621.49
3/16/2020 16:56:00,82564.88,71168.05,82564.88,70854.82
3/17/2020 16:56:00,71177.56,74617.24,77254.59,70782.5
3/18/2020 16:56:00,74576.38,66894.95,74576.38,63546.74
3/19/2020 16:56:00,66882.8,70064.16,70071.33,61690.53
3/20/2020 16:56:00,68344.38,66954.72,72247.43,66120.06
3/23/2020 16:56:00,67067.03,63569.62,67603.83,62161.38
3/24/2020 16:56:00,63604.42,69729.3,71535.44,63604.42
3/25/2020 16:56:00,69727.12,74955.57,76713.93,69359.58
3/26/2020 16:56:00,74956.05,77709.66,78846.34,74923.27
3/27/2020 16:56:00,77707.88,73428.78,77707.88,73057.12
3/30/2020 16:56:00,73430.65,74639.48,75429.74,73184.22
3/31/2020 16:56:00,74629.42,73019.76,75511.03,72385.14
4/1/2020 16:56:00,73010.78,70966.7,73010.78,69568.56
4/2/2020 16:56:00,70968.53,72253.46,73861,70956.84
4/3/2020 16:56:00,72241.09,69537.56,72241.09,67802.47
4/6/2020 16:56:00,69555.61,74072.98,75259.7,69555.61
4/7/2020 16:56:00,74078.01,76358.09,79855.48,74078.01
4/8/2020 16:56:00,76334.79,78624.62,79058.13,76115.19
4/9/2020 16:56:00,78639.74,77681.94,80427.6,77456.86
4/13/2020 16:56:00,77681.94,78835.82,78835.82,76405.36
4/14/2020 16:56:00,78847.67,79918.36,81667.81,78847.67
4/15/2020 16:56:00,79911.33,78831.46,80034.78,77545.67
4/16/2020 16:56:00,78836.72,77811.85,80167.22,77452.36
4/17/2020 16:56:00,77817.46,78990.29,79846.43,77754.45
4/20/2020 16:56:00,78988.64,78972.76,80105.99,76942.89
4/22/2020 16:56:00,78972.83,80687.15,81183.73,78972.76
4/23/2020 16:56:00,80690.35,79673.3,81933.5,78621.92
4/24/2020 16:56:00,79666.62,75330.61,79666.62,72040.82
4/27/2020 16:56:00,75334.28,78238.6,78562.71,75326.58
4/28/2020 16:56:00,78243.32,81312.23,81427.32,78243.32
4/29/2020 16:56:00,81312.89,83170.8,83598.01,81312.89
4/30/2020 16:56:00,83169.34,80505.89,83169.34,80168.06
5/4/2020 16:56:00,80501.17,78876.22,80501.65,77640.22
5/5/2020 16:56:00,78887.12,79470.78,81065.9,78886.34
5/6/2020 16:56:00,79472.78,79063.68,79996.04,78055.82
5/7/2020 16:56:00,79072.28,78118.57,80061.19,78061.44
5/8/2020 16:56:00,78151.87,80263.35,80556.62,78151.87
5/11/2020 16:56:00,80263.42,79064.6,80722.75,78993.75
5/12/2020 16:56:00,79064.6,77871.95,80344.03,77871.95
5/13/2020 16:56:00,77876.88,77772.2,78911.28,77151.98
5/14/2020 16:56:00,77770.48,79010.81,79010.81,75696.95
5/15/2020 16:56:00,79010.59,77556.62,79538.23,77426.1
5/18/2020 16:56:00,77575.71,81194.29,81420.37,77571.39
5/19/2020 16:56:00,81196.69,80742.35,82174.55,80647.02
5/20/2020 16:56:00,80746.81,81319.45,82290.49,80739.61
5/21/2020 16:56:00,81319.73,83027.09,83308.96,81317.11
5/22/2020 16:56:00,83027.09,82173.21,83027.09,81668.8
5/25/2020 16:56:00,82197.76,85663.48,85875.6,82193.33
5/26/2020 16:56:00,85667.5,85468.91,87332.53,85395.71
5/27/2020 16:56:00,85467.5,87946.25,87946.25,85467.5
5/28/2020 16:56:00,87946.1,86949.09,88090.67,86766.92
5/29/2020 16:56:00,86951.32,87402.59,87410.03,85384.29
6/1/2020 16:56:00,87395.15,88620.1,89019.37,86836.57
6/2/2020 16:56:00,88622.49,91046.38,91046.49,88622.49
6/3/2020 16:56:00,91048.1,93002.14,93710.05,91048.1
6/4/2020 16:56:00,92992.63,93828.61,94132.3,92220.8
6/5/2020 16:56:00,93839.16,94637.06,97355.75,93838.6
6/8/2020 16:56:00,94640.43,97644.67,97693.47,94635.19
6/9/2020 16:56:00,97644.34,96746.55,97644.34,95385.81
6/10/2020 16:56:00,96747.32,94685.98,97645.85,94664.81
6/12/2020 16:56:00,94677.14,92795.27,94703.26,90810.98
6/15/2020 16:56:00,92780.35,92375.52,93111.62,90147.92
6/16/2020 16:56:00,92386.66,93531.17,95215.56,92386.66
6/17/2020 16:56:00,93531.17,95547.29,96611.4,93531.17
6/18/2020 16:56:00,95547.2,96125.24,97109.54,94697.53
6/19/2020 16:56:00,96137.89,96572.1,97540.33,95874.3
6/22/2020 16:56:00,96572.24,95335.96,96870.44,94868.81
6/23/2020 16:56:00,95343.52,95975.16,97485.59,95343.52
6/24/2020 16:56:00,95973.81,94377.36,95973.81,93259.07
6/25/2020 16:56:00,94382.05,95983.09,96259.7,94151.83
6/26/2020 16:56:00,95979.03,93834.49,95979.03,93513.7
6/29/2020 16:56:00,93836.94,95735.35,95735.35,93825.27
6/30/2020 16:56:00,95727.6,95055.82,96257.3,94806.47
7/1/2020 16:56:00,95061.62,96203.2,96851.75,95061.62
7/2/2020 16:56:00,96205.58,96234.96,97864.16,96051.85
7/3/2020 16:56:00,96236.97,96764.85,96764.87,95803.32
7/6/2020 16:56:00,96775.74,98937.16,99256.85,96767.64
7/7/2020 16:56:00,98937.4,97761.04,98938,97272.02
7/8/2020 16:56:00,97764.95,99769.88,99972.78,97764.95
7/10/2020 16:56:00,99160.17,100031.83,100100.98,98738.66
7/13/2020 16:56:00,100027.4,98697.06,100857.68,98697.06
7/14/2020 16:56:00,98698.88,100440.23,100632.06,98288.81
7/15/2020 16:56:00,100444.28,101790.54,102113.51,100444.28
7/16/2020 16:56:00,101791.01,100553.27,101792.33,100160.18
7/17/2020 16:56:00,100554.09,102888.25,103016.6,100554.09
7/20/2020 16:56:00,102887.6,104426.37,104438.58,102744.25
7/21/2020 16:56:00,104426.49,104309.74,105449.23,103732.33
7/22/2020 16:56:00,104311.59,104289.57,104979.95,103277.01
7/23/2020 16:56:00,104291.24,102293.31,104949.4,102118.54
7/24/2020 16:56:00,102291.82,102381.58,102693.74,100858.76
7/27/2020 16:56:00,102380.85,104477.08,104584.52,102380.55
7/28/2020 16:56:00,104477.08,104109.07,104662.83,103591.8
7/29/2020 16:56:00,104111.75,105605.17,105703.62,104111.75
7/30/2020 16:56:00,105605.17,105008.7,105606.79,103919.94
7/31/2020 16:56:00,105009.99,102912.24,105462.13,102642.04
8/3/2020 16:56:00,102912.87,102829.96,103863.33,102304.26
8/4/2020 16:56:00,102825.55,101215.87,103011.5,100004.5
8/5/2020 16:56:00,101219.98,102801.76,103762.66,101219.98
8/6/2020 16:56:00,102732.86,104125.64,104523.28,102732.86
8/7/2020 16:56:00,104116.04,102775.55,104126.3,101956.5
8/10/2020 16:56:00,102776.02,103444.48,103722.49,101282.05
8/11/2020 16:56:00,103448.75,102174.4,104408.92,102174.26
8/12/2020 16:56:00,102175.95,102117.79,103116.11,100697.78
8/13/2020 16:56:00,102118.28,100460.6,103236.93,100187.06
8/14/2020 16:56:00,100469.44,101353.45,101717.34,100444.74
8/17/2020 16:56:00,101348.15,99595.41,101688.98,98513.34
8/18/2020 16:56:00,99597.01,102065.35,102247.3,99597.01
8/19/2020 16:56:00,102072.16,100853.72,102333.79,100800.41
8/20/2020 16:56:00,100852.94,101467.87,101749.1,99131.4
8/21/2020 16:56:00,101459.55,101521.29,101565.8,100412.45
8/24/2020 16:56:00,101525.44,102297.95,102514.87,101525.2
8/25/2020 16:56:00,102292.87,102117.64,102708.36,101623.31
8/26/2020 16:56:00,102118.76,100627.33,102521.38,99359.36
8/27/2020 16:56:00,100624.98,100623.64,101547.82,99856.91
8/28/2020 16:56:00,100631.21,102142.93,102347.05,100631.21
8/31/2020 16:56:00,102141.53,99369.15,102141.62,99369.15
9/1/2020 16:56:00,99382.02,102167.65,102237.93,99382.02
9/2/2020 16:56:00,102168.42,101911.13,102823.88,100871.79
9/3/2020 16:56:00,101910.94,100721.36,103225.58,99750.8
9/4/2020 16:56:00,100733.12,101241.73,101581.77,98960.5
9/8/2020 16:56:00,101239.34,100050.43,101239.34,99372.98
9/9/2020 16:56:00,100050.43,101292.05,101578.01,100050.43
9/10/2020 16:56:00,101291.31,98834.59,101536.48,98686.55
9/11/2020 16:56:00,98839.08,98363.22,99434.74,97757.9
9/14/2020 16:56:00,98366.62,100274.52,100519.8,98366.62
9/15/2020 16:56:00,100277,100297.91,100949.43,99646.81
9/16/2020 16:56:00,100298.86,99675.68,100663.36,99663.02
9/17/2020 16:56:00,99673.77,100097.83,100250.88,98561.51
9/18/2020 16:56:00,100097.73,98289.71,100101.91,98044.81
9/21/2020 16:56:00,98282.75,96990.72,98282.75,95820.34
9/22/2020 16:56:00,96994.52,97293.54,97684.16,96390.28
9/23/2020 16:56:00,97294.37,95734.82,97388.94,95728.13
9/24/2020 16:56:00,95735.09,97012.07,97954.63,95652.56
9/25/2020 16:56:00,97011.44,96999.38,97011.8,95631.74
9/28/2020 16:56:00,97005.38,94666.37,98313.73,94370.6
9/29/2020 16:56:00,94664.72,93580.35,95504.78,93408.17
9/30/2020 16:56:00,93585.84,94603.38,95340.12,93584.12
10/1/2020 16:56:00,94604.15,95478.52,95486.33,93599.05
10/2/2020 16:56:00,95474.63,94015.68,95995.7,93896.61
10/5/2020 16:56:00,94019.37,96089.19,96414.17,93984.23
10/6/2020 16:56:00,96091.15,95615.03,97404.54,95211.05
10/7/2020 16:56:00,95615.82,95526.26,96379.57,94880.65
10/8/2020 16:56:00,95529.57,97919.73,97937.72,95529.57
10/9/2020 16:56:00,97924.18,97483.31,98641.91,97161.37
10/13/2020 16:56:00,97483.49,98502.82,98998.47,97336.3
10/14/2020 16:56:00,98501.58,99334.43,99570.8,98501.44
10/15/2020 16:56:00,99328.02,99054.06,99485.5,97778.26
10/16/2020 16:56:00,99054.06,98309.12,99171.96,98309.12
10/19/2020 16:56:00,98310.35,98657.65,99917.22,98309.8
10/20/2020 16:56:00,98663.89,100539.83,100721.83,98663.89
10/21/2020 16:56:00,100541.25,100552.44,101585.92,100148.97
10/22/2020 16:56:00,100552.99,101917.73,102020.44,100456.83
10/23/2020 16:56:00,101917.73,101259.75,102217.62,101188.38
10/26/2020 16:56:00,101259.86,101016.96,101783.79,99761.84
10/27/2020 16:56:00,101017.38,99605.54,101660.37,99413.93
10/28/2020 16:56:00,99597.75,95368.76,99597.75,95368.76
10/29/2020 16:56:00,95368.43,96582.16,96688.25,93386.55
10/30/2020 16:56:00,96578.75,93952.4,96578.75,93559.19
11/3/2020 16:56:00,93967.64,95979.71,96350.23,93967.64
11/4/2020 16:56:00,95991.57,97866.81,98296.35,95987.42
11/5/2020 16:56:00,97872.82,100751.4,100921.63,97872.27
11/6/2020 16:56:00,100750.59,100925.11,101104.29,99837.04
11/9/2020 16:56:00,100953.95,103515.16,105146.56,100953.95
11/10/2020 16:56:00,103516.37,105066.96,105758.29,103452.64
11/11/2020 16:56:00,105066.96,104808.83,105462.33,104143.47
11/12/2020 16:56:00,104810.06,102507.01,105018.66,102033.75
11/13/2020 16:56:00,102508.77,104723,104725.79,102508.77
11/16/2020 16:56:00,104728.51,106429.92,106518.16,104728.51
11/17/2020 16:56:00,106430.04,107248.63,107810.31,105846.62
11/18/2020 16:56:00,107245.54,106119.09,107467.25,106043.35
11/19/2020 16:56:00,106117.26,106669.9,106972.88,105545.37
11/20/2020 16:56:00,106669.9,106042.48,106763.96,105680.28
11/23/2020 16:56:00,106050.48,107378.92,107495.35,106050.48
11/24/2020 16:56:00,107377.95,109786.3,109956.18,107360.58
11/25/2020 16:56:00,109786.37,110132.53,110595.81,109315.21
11/26/2020 16:56:00,110132.53,110227.09,110244.5,109418.33
11/27/2020 16:56:00,110228.62,110575.47,111603.41,110161.1
11/30/2020 16:56:00,110598.01,108893.32,110933.68,108829.15
12/1/2020 16:56:00,108897.29,111399.91,111839.86,108897.29
12/2/2020 16:56:00,111401.76,111878.53,112315.42,110579.16
12/3/2020 16:56:00,111873.88,112291.59,113377.33,111873.88
12/4/2020 16:56:00,112293.77,113750.22,113863.73,112293.76
12/7/2020 16:56:00,113750.5,113589.77,114531.04,112629.18
12/8/2020 16:56:00,113589.77,113793.06,114381.14,112820.31
12/9/2020 16:56:00,113798.53,113001.16,114020.4,112566.73
12/10/2020 16:56:00,113002.26,115128.63,115261.71,112731.76
12/11/2020 16:56:00,115127.74,115128,115526.57,113949.39
12/14/2020 16:56:00,115136.91,114611.12,115740.1,114431
12/15/2020 16:56:00,114613.42,116148.63,116389.82,114613.42
12/16/2020 16:56:00,116148.97,117857.35,118178.44,115495.75
12/17/2020 16:56:00,117863.58,118400.57,119027.05,117856.26
12/18/2020 16:56:00,118395.23,118023.67,119370.48,117638.24
12/21/2020 16:56:00,118020.94,115822.57,118020.94,114730.05
12/22/2020 16:56:00,115824.66,116636.18,116902.54,115648.34
12/23/2020 16:56:00,116636.18,117806.85,118311.44,116636.18
12/28/2020 16:56:00,117805.56,119123.7,119212.79,117804.95
12/29/2020 16:56:00,119130.06,119409.15,119860.91,118750.1
12/30/2020 16:56:00,119409.85,119017.24,120149.85,118919.43
1/4/2021 16:56:00,119024.29,118854.71,120353.81,118061.77
1/5/2021 16:56:00,118834.88,119376.21,119790.06,116756.08
1/6/2021 16:56:00,119376.91,119100.08,120924.32,118916.94
1/7/2021 16:56:00,119103.07,122385.92,122696.64,119100.76
1/8/2021 16:56:00,122387.43,125076.63,125323.53,122385.76
1/11/2021 16:56:00,125075.18,123255.13,125075.18,122505.58
1/12/2021 19:30:00,123255.13,123998,124584.33,123227.47
1/13/2021 16:56:00,123996.2,121933.08,124031.68,121015.6
1/14/2021 16:56:00,121946.67,123480.52,123896.35,121946.67
1/15/2021 16:56:00,123471.59,120348.8,123471.59,120185.13
1/18/2021 16:56:00,120351.43,121241.63,122585.82,120351.43
1/19/2021 16:56:00,121249.84,120636.39,122120.24,119257.03
1/20/2021 16:56:00,120644.5,119646.4,121449.1,118739.87
1/21/2021 16:56:00,119628.41,118328.99,120242.86,117785.13
1/22/2021 16:56:00,118317.52,117380.49,118317.52,116108.9
1/26/2021 16:56:00,117380.89,116464.06,119167.14,116109.1
1/27/2021 16:56:00,116463.45,115882.3,117839.79,114886.51
1/28/2021 16:56:00,115882.3,118883.25,119355.23,115733.6
1/29/2021 16:56:00,118879.9,115067.55,118879.9,114973
2/1/2021 16:56:00,115093.16,117517.57,117861.51,115093.16
2/2/2021 16:56:00,117520.36,118233.81,119805.18,117519.17
2/3/2021 16:56:00,118234.99,119724.72,120210.38,118234.28
2/4/2021 16:56:00,119727.75,119260.82,120559.98,118917.65
2/5/2021 16:56:00,119260.62,120240.26,121116.6,119260.62
2/8/2021 16:56:00,120239.34,119696.36,120844.42,119140.08
2/9/2021 16:56:00,119695.64,119471.62,119974.93,118245.64
2/10/2021 16:56:00,119471.83,118435.33,119738.13,117969.94
2/11/2021 16:56:00,118439.75,119299.83,120282.76,118439.75
2/12/2021 16:56:00,119299.83,119428.72,119763.36,118162.68
2/17/2021 16:56:00,119421.13,120355.79,120597.33,118879.97
2/18/2021 16:56:00,120360.7,119198.97,120840.42,118514.98
2/19/2021 16:56:00,119199.18,118430.53,119249.77,117867.3
2/22/2021 16:56:00,118388.07,112667.7,118388.07,111650.26
2/23/2021 16:56:00,112675.98,115227.46,115380.38,112667.4
2/24/2021 16:56:00,115229.45,115667.78,116207.59,114695.26
2/25/2021 16:56:00,115668.39,112256.36,116506.22,111764.3
2/26/2021 16:56:00,112260.21,110035.17,113466.21,109827.09
3/1/2021 16:56:00,110035.82,110334.83,112445.12,110035.72
3/2/2021 16:56:00,110328.47,111539.8,112428.08,107319.15
3/3/2021 16:56:00,111529.18,111183.95,112398.24,107465.78
3/4/2021 16:56:00,111190.75,112690.17,114433.38,111163.12
3/5/2021 16:56:00,112690.44,115202.23,115503.58,112503.93
3/8/2021 16:56:00,115202.23,110611.58,115202.23,110267.8
3/9/2021 16:56:00,110611.42,111330.62,112524.5,109343.23
3/10/2021 16:56:00,111331.26,112776.49,112928.14,109998.86
3/11/2021 16:56:00,112781.82,114983.76,115126.94,112775.5
3/12/2021 19:30:00,114983.76,114160.4,114983.76,113253.1
3/15/2021 16:56:00,114092.94,114850.74,114903.23,113634.95
3/16/2021 16:56:00,114845.17,114018.78,114974.22,113370.08
3/17/2021 16:56:00,114017.62,116549.44,116736.36,113428.1
3/18/2021 16:56:00,116549.08,114835.43,116750.66,114301.95
3/19/2021 16:56:00,114837.21,116221.58,116446.09,114712.47
3/22/2021 16:56:00,116222.06,114978.86,116224.73,113619.52
3/23/2021 16:56:00,114976.94,113261.8,115598.66,113061.89
3/24/2021 16:56:00,113272.08,112064.19,114822.6,112064.19
3/25/2021 16:56:00,112064.63,113749.9,114024.3,110926.74
3/26/2021 16:56:00,113750.08,114780.62,115415.6,113305.43
3/29/2021 16:56:00,114776.48,115418.72,115552.84,114095.7
3/30/2021 16:56:00,115413.73,116849.67,117090.07,114999.15
3/31/2021 16:56:00,116849.67,116633.72,117248.51,115932.42
4/1/2021 16:56:00,116644.46,115253.31,117087.69,114990.54
4/5/2021 16:56:00,115262.3,117518.44,117667.85,115262.3
4/6/2021 16:56:00,117519.41,117498.87,118212.6,117175.98
4/7/2021 16:56:00,117498.87,117623.58,118303.28,116747.95
4/8/2021 16:56:00,117623.75,118313.23,118849.75,117486.01
4/9/2021 16:56:00,118312.63,117669.9,118643.03,117336.12
4/12/2021 19:30:00,117660.77,118811.74,118811.74,117660.77
4/13/2021 16:56:00,118809.35,119297.13,119529.16,118041.14
4/14/2021 16:56:00,119297.53,120294.68,120871.45,119297.53
4/15/2021 16:56:00,120290.26,120700.67,121408.72,120083.97
4/16/2021 16:56:00,120700.67,121113.93,121333.36,120198.9
4/19/2021 16:56:00,121116.05,120933.78,121974.21,120682.17
4/20/2021 16:56:00,120925.06,120061.99,121353.82,119841.33
4/22/2021 16:56:00,120064.36,119371.48,120994.84,119203.2
4/23/2021 16:56:00,119372.04,120530.06,120814.83,119372.04
4/26/2021 16:56:00,120533.72,120594.61,121392.72,119859.6
4/27/2021 16:56:00,120594.61,119388.37,121012.34,119003.27
4/28/2021 16:56:00,119391.7,121052.52,121275.86,119391.7
4/29/2021 16:56:00,121052.82,120065.75,121497.86,119702.87
4/30/2021 16:56:00,120064.34,118893.84,120124.61,118893.84
5/3/2021 16:56:00,118951.28,119209.48,119903.87,118527.51
5/4/2021 16:56:00,119209.48,117712,119293.42,117630.62
5/5/2021 16:56:00,117724.64,119564.44,119733.86,117724.64
5/6/2021 16:56:00,119576.79,119920.61,119966.42,119071.04
5/7/2021 16:56:00,119921.69,122038.11,122038.11,119921.69
5/10/2021 16:56:00,122038.11,121909.03,122772.37,121794.5
5/11/2021 16:56:00,121903.82,122964.01,122964.01,120145.44
5/12/2021 16:56:00,122963.96,119710.03,122963.96,119458.43
5/13/2021 16:56:00,119711.29,120705.91,121426.34,119711.29
5/14/2021 16:56:00,120719.17,121880.82,122194.55,120719.17
5/17/2021 16:56:00,120719.17,122937.87,123074.21,120719.17
5/18/2021 16:56:00,122937.42,122979.96,123543.68,122549.79
5/19/2021 16:56:00,122975.93,122636.3,123013.4,121595.27
5/20/2021 16:56:00,122635.94,122700.79,122733.95,122136.16
5/21/2021 16:56:00,122701.44,122592.47,122799.36,121760.37
5/24/2021 16:56:00,122592.14,124031.62,124167.01,122525.51
5/25/2021 16:56:00,124031.78,122987.71,124695.53,122700.96
5/26/2021 16:56:00,122987.79,123989.17,124255.69,122987.79
5/27/2021 16:56:00,123989.37,124366.57,124536.66,123470.32
5/28/2021 16:56:00,124366.71,125561.37,125697.58,124284
5/31/2021 16:56:00,125561.23,126215.73,126215.73,125539.68
6/1/2021 16:56:00,126218.42,128267.05,128363.49,126218.42
6/2/2021 16:56:00,128268.08,129601.44,129601.44,128166.64
6/4/2021 16:56:00,129600.32,130125.78,130137.29,129147.86
6/7/2021 16:56:00,130125.36,130776.27,131190.3,129498.16
6/8/2021 16:56:00,130776.32,129787.11,130776.32,129230.31
6/9/2021 16:56:00,129800.21,129906.8,130882.46,129281.45
6/10/2021 16:56:00,129911.06,130076.17,130526.76,129525.89
6/11/2021 16:56:00,130076.35,129441.03,130294.45,128677.81
6/14/2021 16:56:00,129441.02,130207.96,131083.66,129441.02
6/15/2021 16:56:00,130207.96,130091.08,130435.51,129304.07
6/16/2021 16:56:00,130091.33,129259.49,130283.18,128345.03
6/17/2021 16:56:00,129259.44,128057.22,129919.47,127576.44
6/18/2021 16:56:00,128050.31,128405.35,128796.23,127595.32
6/21/2021 16:56:00,128405.35,129264.96,129412.49,128047.98
6/22/2021 16:56:00,129241.76,128767.45,129258.72,127802.73
6/23/2021 16:56:00,128769.17,128427.98,129900.84,128182.37
6/24/2021 16:56:00,128432.96,129513.62,129541.18,128427.97
6/25/2021 16:56:00,129512.94,127255.61,129747.61,126696.64
6/28/2021 16:56:00,127255.27,127429.17,128066.87,126628.95
6/29/2021 16:56:00,127429.17,127327.44,127507.18,126184.05
6/30/2021 16:56:00,127322.72,126801.66,127322.72,126198.77
7/1/2021 16:56:00,126801.66,125666.19,127203.61,124993.64
7/2/2021 16:56:00,125666.79,127621.65,127672.4,125666.79
7/5/2021 16:56:00,127621.65,126920.05,127632.71,126531.07
7/6/2021 16:56:00,126919.36,125094.88,126919.36,124866.38
7/7/2021 16:56:00,125096.34,127018.71,127248.96,125093.56
7/8/2021 16:56:00,127012.57,125427.77,127012.57,124310.06
7/12/2021 19:30:00,125428.3,127593.83,127781.91,125428.3
7/13/2021 16:56:00,127594.35,128167.74,128420.39,126441.1
7/14/2021 16:56:00,128169,128406.51,129619.81,128085.04
7/15/2021 16:56:00,128406.51,127467.88,128976.3,126922.36
7/16/2021 16:56:00,127467.88,125960.26,128010.15,125807.95
7/19/2021 16:56:00,125958.07,124394.57,125958.07,123317.27
7/20/2021 16:56:00,124394.57,125401.36,125630.87,123630.6
7/21/2021 16:56:00,125404.24,125929.25,126111.75,125246.63
7/22/2021 16:56:00,125929.74,126146.66,126427.65,125416.39
7/23/2021 16:56:00,126139.78,125052.78,126203.87,124421.52
7/26/2021 16:56:00,125058.01,126003.86,126213.96,125006.47
7/27/2021 16:56:00,126004.14,124612.03,126025.78,123670.33
7/28/2021 16:56:00,124615.48,126285.59,126712.08,124542.47
7/29/2021 16:56:00,126285.2,125675.33,126475.63,124917.27
7/30/2021 16:56:00,125671.95,121800.79,125672.89,121748.18
8/2/2021 16:56:00,121802.61,122515.74,124536.25,121796.86
8/3/2021 16:56:00,122516.31,123576.56,123765.09,120807.02
8/4/2021 16:56:00,123576.56,121801.21,123586.94,121071.83
8/5/2021 16:56:00,121800.96,121632.92,123540.76,121128.39
8/6/2021 16:56:00,121632.79,122810.36,123286.75,121567.74
8/9/2021 16:56:00,121632.79,123019.38,123597.3,121567.74
8/10/2021 16:56:00,123021.24,122202.47,123512.77,122061.47
8/11/2021 16:56:00,122202.63,122056.34,122755.97,120826.92
8/12/2021 19:30:00,122056.34,120700.98,122095.4,120533.72
8/13/2021 16:56:00,120701.03,121193.75,121275.3,120050.61
8/16/2021 16:56:00,121191.45,119180.03,121191.45,118683.65
8/17/2021 16:56:00,119178.77,117903.81,119178.77,116247.81
8/18/2021 16:56:00,117903.81,116642.62,118738.54,116488.72
8/19/2021 16:56:00,116641.24,117164.69,117453.34,114801
8/20/2021 16:56:00,117163.03,118052.77,118307.96,116040.34
8/23/2021 16:56:00,118052.54,117471.67,118445.18,117062.04
8/24/2021 16:56:00,117474.11,120210.75,120462.82,117474.11
8/25/2021 16:56:00,120210.21,120817.71,120817.71,119225.93
8/26/2021 16:56:00,120817.47,118723.97,120833.24,118718.56
8/27/2021 16:56:00,118725.14,120677.6,120677.6,118720.95
8/30/2021 16:56:00,120677.33,119739.96,120684.47,119354.12
8/31/2021 16:56:00,119737.95,118781.03,120156.94,117910.97
9/1/2021 16:56:00,118793.11,119395.6,119941.95,118067.04
9/2/2021 16:56:00,119394.46,116677.08,119396.59,116534.32
9/3/2021 16:56:00,116678.61,116933.24,117395.53,115582.88
9/6/2021 16:56:00,116925.96,117868.63,117981.03,116155.78
9/8/2021 16:56:00,117866.14,113412.84,117866.14,113172.02
9/9/2021 16:56:00,113412.71,115360.86,116353.62,112435.11
9/10/2021 16:56:00,115370.01,114285.93,116896.46,114285.93
9/13/2021 16:56:00,114300.47,116403.72,117046.18,114300.47
9/14/2021 16:56:00,116404.54,116180.55,117269.82,115809.02
9/15/2021 16:56:00,116190.51,115062.54,116312.22,114741.16
9/16/2021 16:56:00,115061.97,113794.28,115061.97,113394.67
9/17/2021 16:56:00,113794.04,111439.37,113794.04,111156.65
9/20/2021 16:56:00,111434.67,108843.74,111434.67,107520.14
9/21/2021 16:56:00,108859.22,110249.73,110923.17,108859.22
9/22/2021 16:56:00,110251.68,112282.28,113321.23,110251.25
9/23/2021 16:56:00,112282.19,114064.36,114329.73,112280.81
9/24/2021 16:56:00,114062.2,113282.67,114062.2,112504.99
9/27/2021 16:56:00,113282.89,113583.01,114432.23,112360.24
9/28/2021 16:56:00,113584.12,110123.85,113584.12,109980.95
9/29/2021 16:56:00,110124.71,111106.83,112028.32,110124.71
9/30/2021 16:56:00,111117.04,110979.1,112371.02,110742.83
10/1/2021 16:56:00,110979.75,112899.64,113019.62,110979.75
10/4/2021 16:56:00,112899.68,110393.09,112899.68,109978.79
10/5/2021 16:56:00,110397.37,110457.64,111691.29,110087.36
10/6/2021 16:56:00,110453.95,110559.57,110613.82,108179.76
10/7/2021 16:56:00,110563.26,110585.43,111521.5,110563.26
10/8/2021 16:56:00,110586.44,112833.2,114171.97,110586.44
10/11/2021 16:56:00,112833.85,112180.48,113981.6,112051.76
10/13/2021 16:56:00,112180.48,113455.92,114158.88,111807.17
10/14/2021 16:56:00,113456.59,113185.48,113881.35,112707.5
10/15/2021 16:56:00,113189.27,114647.99,114776.05,113048.53
10/18/2021 16:56:00,114646.73,114428.18,114926.85,112840.52
10/19/2021 16:56:00,114422.23,110672.76,114422.23,109947.21
10/20/2021 16:56:00,110677.48,110786.43,112023.13,110175.64
10/21/2021 16:56:00,110767.14,107735.01,110767.14,105713.81
10/22/2021 16:56:00,107714.06,106296.18,107749.34,102853.96
10/25/2021 16:56:00,106297.51,108714.55,109371.98,106295.68
10/26/2021 16:56:00,108713.31,106419.53,108713.31,106320.6
10/27/2021 16:56:00,106432.87,106363.1,108224.47,106044.68
10/28/2021 16:56:00,106369.01,105704.96,107209.64,105282.37
10/29/2021 16:56:00,105706.66,103500.71,105954.35,103429.77
11/1/2021 16:56:00,103513.62,105550.86,106135.93,103513.62
11/3/2021 16:56:00,105547.05,105616.88,106754.42,104204.66
11/4/2021 16:56:00,105616.88,103412.09,105626.72,102835.17
11/5/2021 16:56:00,103412.09,104824.23,105555.46,103412.09
11/8/2021 16:56:00,104824.32,104781.13,105678.85,104182.49
11/9/2021 16:56:00,104783.02,105535.08,106674.43,104783.02
11/10/2021 16:56:00,105535.36,105967.51,107407.42,105140.39
11/11/2021 16:56:00,105987.86,107594.67,108669.18,105987.86
11/12/2021 19:30:00,107576.11,106334.54,107914.62,105842.2
11/16/2021 16:56:00,106335.67,104403.66,106971.2,104112.81
11/17/2021 16:56:00,104404.94,102948.45,105535.21,102551.17
11/18/2021 16:56:00,102948.45,102426,103757.27,102013.98
11/19/2021 19:30:00,102426,103035.02,103975.25,102143.17
11/22/2021 19:30:00,103036.02,102122.37,104613.07,102122.37
11/23/2021 19:30:00,102123.95,103653.82,103841.23,101736.31
11/24/2021 19:30:00,103651.88,104514.19,105041.16,102464.29
11/25/2021 19:30:00,104514.19,105811.25,106400.41,104514.19
11/26/2021 19:30:00,105810.14,102224.26,105810.14,101494.7
11/29/2021 19:30:00,102226.78,102814.03,104148.72,102226.04
11/30/2021 18:00:00,102814.03,101915.45,103066.44,100074.61
12/1/2021 16:56:00,101916.3,100774.57,104086.68,100726.95
12/2/2021 16:56:00,100784.58,104466.24,104466.24,100784.58
12/3/2021 16:56:00,104466.6,105069.69,106718.41,104090.02
12/6/2021 16:56:00,105069.69,106858.87,107498.23,105069.69
12/7/2021 16:56:00,106868.21,107557.67,108655.2,106867.54
12/8/2021 16:56:00,107557.67,108095.53,108520.82,107308.6
12/9/2021 16:56:00,108094.77,106291.24,108094.77,105890.21
12/10/2021 16:56:00,106296.33,107758.34,108274.86,106296.33
12/13/2021 18:00:00,107758.34,107383.32,109492.91,107383.32
12/14/2021 18:00:00,107387.06,106759.92,109147.66,106444.53
12/15/2021 18:00:00,106762.55,107431.18,107603.3,105696.96
12/16/2021 18:00:00,107432.62,108326.33,109034.11,107432.62
12/17/2021 18:00:00,108324.23,107200.56,108324.34,106517.8
12/20/2021 18:00:00,107171.21,105019.78,107171.21,104357.81
12/21/2021 18:00:00,105019.78,105499.88,105905.69,105019.78
12/22/2021 18:00:00,105498.6,105243.72,105711.37,104385.91
12/23/2021 18:00:00,105251.13,104891.32,105453.25,104637.08
12/27/2021 18:00:00,104891.96,105554.4,105694.47,104798.45
12/28/2021 18:00:00,105554.65,104864.17,105652.11,104503.32
12/29/2021 18:00:00,104862.93,104107.24,105190.32,103850.81
12/30/2021 18:00:00,104106.37,104822.44,105269.01,104106.37
1/3/2022 16:56:00,104823.42,103921.59,106125.47,103413.4
1/4/2022 16:56:00,103921.59,103513.64,104276.32,103096.26
1/5/2022 16:56:00,103513.64,101005.64,103513.64,100849.56
1/6/2022 16:56:00,101005.8,101561.05,102234.71,100999.85
1/7/2022 16:56:00,101561.05,102719.47,102719.47,101103.98
1/10/2022 16:56:00,102719,101945.2,102719,101037.81
1/11/2022 16:56:00,101946.05,103778.98,103780.45,101918.4
1/12/2022 16:56:00,103778.98,105685.66,105869.32,103771.37
1/13/2022 16:56:00,105686.39,105529.5,106250.94,104974.25
1/14/2022 16:56:00,105530.43,106927.79,107061.73,105028.27
1/17/2022 16:56:00,106926.84,106373.87,106927.76,106096.76
1/18/2022 16:56:00,106369.27,106667.66,107012.6,105786.09
1/19/2022 16:56:00,106669.97,108013.47,108601.77,106668.94
1/20/2022 16:56:00,108015.27,109101.99,109873.35,108014.5
1/21/2022 16:56:00,109096.87,108941.68,109776.75,108367.73
1/24/2022 16:56:00,108941.15,107937.11,108948.16,106624.28
1/25/2022 16:56:00,107935.21,110203.77,110711.1,107185.38
1/26/2022 16:56:00,110206.5,111289.18,112694.6,110204.45
1/27/2022 16:56:00,111302.93,112611.65,113057.03,111302.93
1/28/2022 16:56:00,112610.76,111910.1,112968.87,111407.36
1/31/2022 16:56:00,111910.27,112143.51,112678.44,111194.57
2/1/2022 16:56:00,112143.42,113228.31,113302.13,112134.88
2/2/2022 16:56:00,113228.13,111894.36,113665.9,111645.07
2/3/2022 16:56:00,111897.22,111695.94,112502.18,111224.91
2/4/2022 16:56:00,111695.94,112244.94,112415.43,110320.84
2/7/2022 16:56:00,112247.11,111996.4,112516.6,111489.53
2/8/2022 16:56:00,111995.22,112234.46,112251.37,110943.44
2/9/2022 16:56:00,112232.54,112461.39,113163.31,111710.32
2/10/2022 16:56:00,112462.2,113367.77,113812.47,112163.1
2/11/2022 16:56:00,113367.77,113572.35,114899.26,113128.01
2/14/2022 16:56:00,113643,113899.19,114167,113358.16
2/15/2022 16:56:00,113905.44,114828.18,114828.18,113882.48
2/16/2022 16:56:00,114829.72,115180.95,115734.45,114815.5
2/17/2022 16:56:00,115180.69,113528.48,115214.29,113389.12
2/18/2022 16:56:00,113533.58,112879.85,114213.43,112701.12
2/21/2022 16:56:00,112880.28,111725.3,113404.77,111607.59
2/22/2022 16:56:00,111727.17,112891.8,113314.97,111727.17
2/23/2022 16:56:00,112891.8,112007.61,113721.38,111748.11
2/24/2022 16:56:00,112001.04,111591.87,112001.04,109125.24
2/25/2022 16:56:00,111590.72,113141.94,113141.94,110673.29
3/2/2022 16:56:00,113143.06,115173.61,115428.9,113143.06
3/3/2022 16:56:00,115173.43,115165.55,115947.68,115009.7
3/4/2022 16:56:00,115165.55,114473.78,115165.55,113389.43
3/7/2022 16:56:00,114468.77,111593.46,114529.28,111139.62
3/8/2022 16:56:00,111594.1,111203.45,112389.86,110969.26
3/9/2022 16:56:00,111209.75,113900.34,114051.39,111207.23
3/10/2022 16:56:00,113900.34,113663.13,113939,111888.81
3/11/2022 16:56:00,113663.92,111713.07,114627.23,111331.84
3/14/2022 16:56:00,111715.79,109927.62,112298.93,109716.65
3/15/2022 16:56:00,109924.54,108959.3,109924.54,107780.86
3/16/2022 16:56:00,108957.59,111112.43,111183.45,108957.59
3/17/2022 16:56:00,111112.58,113076.33,113087.75,111070.36
3/18/2022 16:56:00,113076.33,115310.91,115310.91,112474.76
3/21/2022 16:56:00,115306.78,116154.53,116359.55,115207.78
3/22/2022 16:56:00,116156.77,117272.44,117540.64,116156.77
3/23/2022 16:56:00,117269.91,117457.34,118269.79,117036.14
3/24/2022 16:56:00,117460.3,119052.91,119256.41,117150.79
3/25/2022 16:56:00,119062.13,119081.13,119728.7,118548.49
3/28/2022 16:56:00,119082.27,118737.78,119444.42,118060.65
3/29/2022 16:56:00,118739.6,120014.17,120900.02,118739.6
3/30/2022 16:56:00,120013.36,120259.76,120531.15,119775.24
3/31/2022 16:56:00,120260.59,119999.23,120879.66,119999.23
4/1/2022 16:56:00,120001.02,121570.15,121578.84,120001.02
4/4/2022 16:56:00,121569.05,121279.51,121570.09,120753.69
4/5/2022 16:56:00,121279.33,118885.15,121628.22,118793.87
4/6/2022 16:56:00,118885.26,118227.75,118885.26,116790.6
4/7/2022 16:56:00,118226.04,118862.12,119247.25,117508.58
4/8/2022 16:56:00,118861.49,118322.26,118868.33,117486.61
4/11/2022 16:56:00,118320.39,116952.85,118320.39,116952.85
4/12/2022 16:56:00,116963.38,116146.86,118615.38,116054.4
4/13/2022 16:56:00,116149.68,116781.96,117329.4,116149.68
4/14/2022 16:56:00,116781.12,116181.61,116781.12,115623.52
4/18/2022 16:56:00,116181.61,115687.25,116190.97,115176.64
4/19/2022 16:56:00,115686.95,115056.66,115686.95,114277.16
4/20/2022 16:56:00,115056.66,114343.78,115056.66,113945.48
4/22/2022 16:56:00,114343.3,111077.51,114343.3,110590.55
4/25/2022 16:56:00,111076.85,110684.95,111155.01,109221.87
4/26/2022 16:56:00,110684.23,108212.86,110684.95,107977.7
4/27/2022 16:56:00,108214.13,109349.37,110107.48,108214.13
4/28/2022 16:56:00,109349,109918.97,110701.66,108905.49
4/29/2022 16:56:00,109922.03,107876.16,111819.21,107876.16
5/2/2022 16:56:00,107876.15,106638.64,107883.84,105218.19
5/3/2022 16:56:00,106639.85,106528.09,107126.69,106033.06
5/4/2022 16:56:00,106529.39,108343.74,108381.76,104932.97
5/5/2022 16:56:00,108336.81,105304.19,108336.81,103923.27
5/6/2022 16:56:00,105302.72,105134.73,106267.57,103984.11
5/9/2022 16:56:00,105109.06,103250.02,105109.06,102768.18
5/10/2022 16:56:00,103251.12,103109.94,104286.27,102386.18
5/11/2022 16:56:00,103109.94,104396.9,105374.25,103007.59
5/12/2022 16:56:00,104395.45,105687.64,105707.56,103578.58
5/13/2022 16:56:00,105690.55,106924.18,107772.82,105690.55
5/16/2022 16:56:00,106924.87,108232.74,108794.91,106851.58
5/17/2022 16:56:00,108246.23,108789.33,109773.99,108244.6
5/18/2022 16:56:00,108788.23,106247.15,108923.44,106038.4
5/19/2022 16:56:00,106248.98,107005.22,107420.34,105760.05
5/20/2022 16:56:00,107056.05,108487.88,108794.63,107056.05
5/23/2022 16:56:00,108499.83,110345.82,110679.6,108499.83
5/24/2022 16:56:00,110340.07,110580.79,110635.27,108399.23
5/25/2022 16:56:00,110579.87,110579.81,111006.05,109699.18
5/26/2022 16:56:00,110577.27,111889.88,112101.51,110388.48
5/27/2022 16:56:00,111889.88,111941.68,112440.8,111558.24
5/30/2022 16:56:00,111943.81,111032.11,112690.15,110655.46
5/31/2022 16:56:00,111035.69,111350.51,111902.64,110685.49
6/1/2022 16:56:00,111350.51,111359.94,111930.89,110821.51
6/2/2022 16:56:00,111363.07,112392.91,112708.96,111218.2
6/3/2022 16:56:00,112391.83,111102.32,112391.83,110935.15
6/6/2022 16:56:00,111102.32,110185.91,111934.78,110015.2
6/7/2022 16:56:00,110185.18,110069.76,110435.02,109393.54
6/8/2022 16:56:00,110066.83,108367.67,110142.34,108045.38
6/9/2022 16:56:00,108367.33,107093.71,108510.31,107067.62
6/10/2022 16:56:00,107091.09,105481.23,107092.37,104647.59
6/13/2022 16:56:00,105476.39,102598.18,105478.15,101699.55
6/14/2022 16:56:00,102598.18,102063.25,103327.73,101325.28
6/15/2022 16:56:00,102067.88,102806.82,103951.95,102046.47
6/17/2022 16:56:00,102800.01,99824.94,102800.87,98401.73
6/20/2022 16:56:00,99824.25,99852.67,100481.11,98408.88
6/21/2022 16:56:00,99853.86,99684.5,101068.71,99166.54
6/22/2022 16:56:00,99678,99522.32,100373.69,98050.02
6/23/2022 16:56:00,99523.39,98080.34,100231.96,97775.07
6/24/2022 16:56:00,98081.36,98672.26,99312.74,98031.1
6/27/2022 16:56:00,98672.99,100763.6,101106.14,98672.44
6/28/2022 16:56:00,100765.65,100591.41,102237.09,99956.21
6/29/2022 16:56:00,100592.38,99621.58,101313.08,99218.13
6/30/2022 16:56:00,99619.06,98541.95,99619.06,97758.43
7/1/2022 16:56:00,98542.1,98953.9,99339.57,97231.18
7/4/2022 16:56:00,98951.96,98608.76,99353.06,98264.28
7/5/2022 16:56:00,98607.57,98294.64,98607.87,96499.42
7/6/2022 16:56:00,98293.68,98718.98,99141.21,97423.43
7/7/2022 16:56:00,98721.51,100729.72,101420.24,98721.51
7/8/2022 16:56:00,100731.54,100288.94,101576.67,99958.49
7/11/2022 16:56:00,100282.06,98212.46,100282.06,97854.22
7/12/2022 16:56:00,98212.46,98271.21,98736.56,97253.19
7/13/2022 16:56:00,98257.94,97881.16,98928.24,97402.99
7/14/2022 16:56:00,97878.55,96120.85,97878.55,95430.74
7/15/2022 16:56:00,96119.24,96551,96970.67,95266.94
7/18/2022 16:56:00,96552.61,96916.13,98291.1,96552.61
7/19/2022 16:56:00,96919.84,98244.8,98346.17,96917.3
7/20/2022 16:56:00,98243.69,98286.83,98365.79,97277.15
7/21/2022 16:56:00,98286.46,99033.17,99056.79,97087.62
7/22/2022 16:56:00,99034.04,98924.82,99724.23,98321.23
7/25/2022 16:56:00,98926.28,100269.85,100508.09,98925.16
7/26/2022 16:56:00,100269.85,99771.69,100753.4,99364.79
7/27/2022 16:56:00,99773.04,101437.96,101471,99771.55
7/28/2022 16:56:00,101436.76,102596.66,102685.67,101044.69
7/29/2022 16:56:00,102596.66,103164.69,103989.47,102514.25
8/1/2022 16:56:00,103164.69,102225.08,103317.48,101764.38
8/2/2022 16:56:00,102225.08,103361.7,103659.68,101693.98
8/3/2022 16:56:00,103361.89,103774.68,103878.29,102822.02
8/4/2022 16:56:00,103776.71,105892.22,106161.56,103776.71
8/5/2022 16:56:00,105893.28,106471.92,107176.06,105517.82
8/8/2022 16:56:00,106473.03,108402.27,108489.25,106472.87
8/9/2022 16:56:00,108403.44,108651.05,109331.29,107841.98
8/10/2022 16:56:00,108657.76,110235.76,110362.14,108657.37
8/11/2022 16:56:00,110236.17,109717.94,111309.64,109603.66
8/12/2022 16:56:00,109717.94,112764.26,112764.26,109717.94
8/15/2022 16:56:00,112767.24,113031.98,113214.2,111066.52
8/16/2022 16:56:00,113033.79,113512.38,113626.04,112689.84
8/17/2022 16:56:00,113507.82,113707.76,114146.23,112482.58
8/18/2022 16:56:00,113707.76,113812.87,114375.45,113303.9
8/19/2022 16:56:00,113807.29,111496.21,113807.29,111146.15
8/22/2022 16:56:00,111486.78,110500.53,111486.78,109858.38
8/23/2022 16:56:00,110503.56,112857.1,112965.2,110503.01
8/24/2022 16:56:00,112856.44,112897.84,113887.75,112632.28
8/25/2022 16:56:00,112897.84,113531.72,114156.2,112768.19
8/26/2022 16:56:00,113532.54,112298.86,114091.4,111978.2
8/29/2022 16:56:00,112295.87,112323.12,113221.54,111689.15
8/30/2022 16:56:00,112323.42,110430.64,112868.78,110103.11
8/31/2022 16:56:00,110430.64,109522.88,111364.05,109522.88
9/1/2022 16:56:00,109523.84,110405.3,110405.3,108217.4
9/2/2022 16:56:00,110408.92,110864.24,112264.17,110408.92
9/5/2022 16:56:00,110867.93,112203.35,112671.39,110864.76
9/6/2022 16:56:00,112202.62,109763.77,112202.77,109348.31
9/8/2022 16:56:00,109770.53,109915.64,110767.67,108618.97
9/9/2022 16:56:00,109922.25,112300.41,112539.89,109922.25
9/12/2022 16:56:00,112307.24,113406.55,114159.53,112304.57
9/13/2022 16:56:00,113398.09,110793.96,113400.22,110521.95
9/14/2022 16:56:00,110793.99,110546.67,111504.47,110118.13
9/15/2022 16:56:00,110546.52,109953.65,111100.41,109523.89
9/16/2022 16:56:00,109950.92,109280.37,109952.49,108488.9
9/19/2022 16:56:00,109282.6,111823.89,111975.94,108507.76
9/20/2022 16:56:00,111823.6,112516.91,112543.88,111393.16
9/21/2022 16:56:00,112516.91,111935.86,113294.37,111380.13
9/22/2022 16:56:00,111941.66,114070.48,114392.42,111818.53
9/23/2022 16:56:00,114070.48,111716,114070.48,110731.9
9/26/2022 16:56:00,111712.7,109114.16,111712.7,109021.62
9/27/2022 16:56:00,109121.86,108376.35,110161.07,108120.26
9/28/2022 16:56:00,108376.5,108451.2,108970.15,107914.01
9/29/2022 16:56:00,108448.54,107664.35,108448.54,106243.52
9/30/2022 16:56:00,107664.35,110036.79,110502.2,107315.15
10/3/2022 16:56:00,110047.56,116134.46,116134.46,110047.56
10/4/2022 16:56:00,116147.46,116230.12,118280.11,115837.2
10/5/2022 16:56:00,116230.86,117197.82,117514.25,115906.33
10/6/2022 16:56:00,117199.7,117560.83,118382.31,117143.65
10/7/2022 16:56:00,117560.47,116375.25,117960.4,115924.33
10/10/2022 16:56:00,116377.15,115940.64,116840.61,115261.12
10/11/2022 16:56:00,115927.72,114827.12,115927.72,114296.52
10/13/2022 16:56:00,114819.2,114300.09,115366.95,112690.12
10/14/2022 16:56:00,114300.68,112072.34,114712.03,111631.4
10/17/2022 16:56:00,112106.8,113623.98,114406.03,112090.36
10/18/2022 16:56:00,113626.63,115743.07,115795.05,113626.63
10/19/2022 16:56:00,115744.37,116274.24,116459.14,115264.36
10/20/2022 16:56:00,116276.16,117171.11,117366.58,116276.16
10/21/2022 16:56:00,117170.19,119928.79,120751.55,116735.71
10/24/2022 16:56:00,119921.67,116012.7,119924.17,115792.69
10/25/2022 16:56:00,116015.67,114625.59,116203.11,114625.59
10/26/2022 16:56:00,114625.59,112763.79,114625.59,112577.15
10/27/2022 16:56:00,112765.63,114640.76,116235.76,112765.24
10/28/2022 16:56:00,114636.18,114539.05,114712.07,113336.06
10/31/2022 16:56:00,114533.14,116037.08,116763.47,112113.34
11/1/2022 16:56:00,116037.26,116928.66,118261.2,115547.46
11/3/2022 16:56:00,116927.42,116896.36,117373.01,114485.13
11/4/2022 16:56:00,116907.18,118155.46,120039.37,116904.14
11/7/2022 16:56:00,118148.47,115342.4,118239.86,115220.95
11/8/2022 16:56:00,115339.64,116160.35,117072.45,114687.75
11/9/2022 16:56:00,116153.42,113580.09,116182.73,113109.53
11/10/2022 16:56:00,113578.78,109775.46,113578.78,108516.46
11/11/2022 16:56:00,109775.46,112253.49,113009.62,109408.1
11/14/2022 16:56:00,112255.54,113161.28,114322.31,111930.35
11/16/2022 16:56:00,113166.25,110243.33,113473.39,109512.22
11/17/2022 16:56:00,110240.66,109702.78,110241.8,107245.13
11/18/2022 16:56:00,109706.43,108870.17,111584.86,108511.71
11/21/2022 16:56:00,108868.18,109748.18,110235.29,107957.01
11/22/2022 16:56:00,109749.71,109036.54,110223.73,107867.47
11/23/2022 16:56:00,109035.8,108841.15,109285.24,107901.91
11/24/2022 16:56:00,108845.74,111831.16,112612.16,108845.74
11/25/2022 16:56:00,111831.16,108976.7,112025.47,108551.96
11/28/2022 16:56:00,108976.7,108782.15,109476.06,108377.75
11/29/2022 16:56:00,108783.98,110909.61,112187.11,108783.98
11/30/2022 16:56:00,110909.69,112486.01,112486.01,110202.25
12/1/2022 16:56:00,112478.68,110925.6,112478.76,110547.84
12/2/2022 16:56:00,110925.74,111923.93,113760.75,109963.02
12/5/2022 16:56:00,111921.65,109401.41,112149.58,109270.18
12/6/2022 16:56:00,109402.99,110188.57,110662.73,109217.24
12/7/2022 16:56:00,110188.05,109068.55,110246.79,108612.02
12/8/2022 16:56:00,109067.66,107249.04,109285.75,106905.81
12/9/2022 16:56:00,107249.76,107519.56,108565.57,107089.22
12/12/2022 16:56:00,107518.28,105343.33,107561.12,103876.71
12/13/2022 16:56:00,105345.14,103539.67,106689.38,103409.27
12/14/2022 16:56:00,103536.1,103745.77,104515.83,101631.98
12/15/2022 16:56:00,103739.25,103737.69,105475.35,103014.26
12/16/2022 16:56:00,103737.17,102855.7,104017.56,102248.42
12/19/2022 16:56:00,102859.17,104739.75,105107.19,102769.76
12/20/2022 16:56:00,104739.56,106864.11,107792.12,104606.87
12/21/2022 16:56:00,106865.92,107433.14,107991.07,106065.73
12/22/2022 16:56:00,107436.3,107551.52,108382.66,106509.7
12/23/2022 16:56:00,107551.7,109697.57,109994.23,107551.7
12/26/2022 16:56:00,109698.84,108737.75,109755.23,108308.77
12/27/2022 16:56:00,108739.34,108578.2,109352.67,107418.4
12/28/2022 16:56:00,108578.38,110236.71,110535.56,108578.38
12/29/2022 16:56:00,110237.41,109734.6,111177.53,109560.31
1/2/2023 16:56:00,109733.88,106376.02,109733.88,105980.66
1/3/2023 16:56:00,106376.76,104165.74,106683.69,103852.27
1/4/2023 16:56:00,104167.14,105334.46,105627.28,103915.11
1/5/2023 16:56:00,105336.15,107641.32,107743.23,105333.08
1/6/2023 16:56:00,107641.87,108963.7,109432.79,107641.87
1/9/2023 16:56:00,108963.9,109129.57,109937.57,108134.33
1/10/2023 16:56:00,109128.58,110816.71,111193.43,108478.19
1/11/2023 16:56:00,110816.14,112517.08,112535.17,110752
1/12/2023 16:56:00,112516.4,111850.22,113128.8,110981.59
1/13/2023 16:56:00,111843.47,110916.08,111846.71,110427.64
1/16/2023 16:56:00,110907.91,109212.66,110907.91,108752.91
1/17/2023 16:56:00,109213.72,111439.12,111577.45,109213.72
1/18/2023 16:56:00,111442.39,112228.39,113306.24,111441.08
1/19/2023 16:56:00,112219.38,112921.88,113171.83,111306.96
1/20/2023 16:56:00,112921.52,112041,113024.87,111734.58
1/23/2023 16:56:00,112921.52,111737.28,113061.34,111541.82
1/24/2023 16:56:00,111746.04,113028.15,113040.25,111669.24
1/25/2023 16:56:00,113028.01,114270.07,114426.47,111927.22
1/26/2023 16:56:00,114271.19,114177.55,114835.35,113591.04
1/27/2023 16:56:00,114178.21,112316.16,114190.65,112044.46
1/30/2023 16:56:00,112318.91,112273.01,112920.3,111823.63
1/31/2023 16:56:00,112273.01,113430.54,113691.16,112144.78
2/1/2023 16:56:00,113429.6,112073.55,113597.64,110729.47
2/2/2023 16:56:00,112071.61,110140.64,112943.15,109746.74
2/3/2023 16:56:00,110140.64,108523.47,110570.22,108184.98
2/6/2023 16:56:00,108517.62,108721.58,108743.77,107415.53
2/7/2023 16:56:00,108726.78,107829.73,109037,107233.94
2/8/2023 16:56:00,107832.11,109951.49,110175.02,107830.39
2/9/2023 16:56:00,109951.97,108008.05,110045.92,107766.59
2/10/2023 16:56:00,108001.55,108078.27,108646.51,107619.93
2/13/2023 16:56:00,108074.15,108836.47,109192.91,107419.59
2/14/2023 16:56:00,108838.52,107848.81,109564.11,107557.07
2/15/2023 16:56:00,107848.81,109600.14,110209.69,107266.63
2/16/2023 16:56:00,109599.2,109941.46,110436.98,108377.51
2/17/2023 16:56:00,109941.46,109176.92,109941.46,108968.48
2/22/2023 16:56:00,109173.51,107152.05,109173.51,106720.17
2/23/2023 16:56:00,107152.05,107592.87,108663.34,106731.17
2/24/2023 16:56:00,107581.79,105798.43,107610.59,105359.92
2/27/2023 16:56:00,105807.2,105711.05,106402.11,105226.6
2/28/2023 16:56:00,105705.79,104931.93,106793.71,104931.93
3/1/2023 16:56:00,104933.17,104384.67,105497.01,103104.81
3/2/2023 16:56:00,104374.89,103325.61,104912.41,103320.59
3/3/2023 16:56:00,103325.61,103865.99,104440.12,103322.71
3/6/2023 16:56:00,103864.62,104700.32,105170.97,103170.44
3/7/2023 16:56:00,104700.02,104227.93,105178.55,103480.42
3/8/2023 16:56:00,104227.93,106540.32,106721.24,104227.93
3/9/2023 16:56:00,106539.92,105071.19,106723.99,105053.24
3/10/2023 16:56:00,105071.19,103618.2,105071.19,103201.41
3/13/2023 16:56:00,103607.98,103121.36,103906.78,102254.72
3/14/2023 16:56:00,103121.36,102932.38,104153.48,102482.23
3/15/2023 16:56:00,102929.7,102675.45,103048.28,100692.04
3/16/2023 16:56:00,102682.65,103434.66,103911.26,102454.77
3/17/2023 16:56:00,103433.65,101981.53,103433.65,101663.65
3/20/2023 16:56:00,101981.53,100922.89,102328.44,100678.84
3/21/2023 16:56:00,100922.79,100998.13,101670.35,100922.79
3/22/2023 16:56:00,100997.54,100220.63,101887.72,100128.79
3/23/2023 16:56:00,100221.1,97926.34,101125.76,96996.84
3/24/2023 16:56:00,97926.14,98829.27,99258.43,97687.66
3/27/2023 16:56:00,98833.08,99670.47,99996.57,98833.08
3/28/2023 16:56:00,99672.17,101185.09,101559.17,99488.19
3/29/2023 16:56:00,101185.19,101792.52,102213.27,100247.89
3/30/2023 16:56:00,101795.79,103713.45,104085.4,101795.79
3/31/2023 16:56:00,103714.34,101882.2,104040.62,101475.57
4/3/2023 16:56:00,101883.21,101506.18,101915.71,100650.55
4/4/2023 16:56:00,101504.82,101869.45,103055.92,101504.82
4/5/2023 16:56:00,101869.09,100977.85,101960.48,99897.78
4/6/2023 16:56:00,100977.85,100821.73,101627.96,100442.96
4/10/2023 16:56:00,100821.82,101846.64,102195.62,100819.1
4/11/2023 16:56:00,101848.94,106213.76,106455.33,101847.79
4/12/2023 16:56:00,106217.9,106889.71,108277.02,106216.58
4/13/2023 16:56:00,106889.71,106457.85,107037.28,106219.71
4/14/2023 16:56:00,106457.58,106279.37,106700.62,104934.09
4/17/2023 16:56:00,106279.37,106015.67,106829.81,105622.91
4/18/2023 16:56:00,106022.52,106163.23,106474.75,105121.74
4/19/2023 16:56:00,106148.97,103912.94,106148.97,103603.7
4/20/2023 16:56:00,103913.47,104366.82,104615.18,103086.98
4/24/2023 16:56:00,104366.82,103946.58,104821.97,103247.04
4/25/2023 16:56:00,103946.58,103220.09,103946.58,102633.1
4/26/2023 16:56:00,103220.09,102312.1,103667.52,102233.43
4/27/2023 16:56:00,102309.98,102923.31,103177.38,101975.35
4/28/2023 16:56:00,102922.7,104431.63,104431.63,102448.52
5/2/2023 16:56:00,104431.23,101926.95,104446.78,101569.48
5/3/2023 16:56:00,101926.95,101797.09,102331.07,101433.34
5/4/2023 16:56:00,101797.91,102174.34,103320.81,101063.49
5/5/2023 16:56:00,102174.73,105148.48,105305.64,102174.73
5/8/2023 16:56:00,105161.13,106042.15,106715.75,105161.13
5/9/2023 16:56:00,106027.51,107113.66,107731.1,105549.08
5/10/2023 16:56:00,107113.66,107448.21,107744.37,106538.01
5/11/2023 16:56:00,107446.09,108256.4,108666.85,106419.28
5/12/2023 16:56:00,108255.65,108463.84,108816.78,107496.89
5/15/2023 16:56:00,108469.09,109029.12,109270.58,108356.35
5/16/2023 16:56:00,109029.12,108193.68,110151.03,108085.2
5/17/2023 16:56:00,108194.11,109459.95,109773.75,108188.17
5/18/2023 16:56:00,109459.33,110108.46,110205.74,108864.44
5/19/2023 16:56:00,110113,110744.51,111211.29,109786.92
5/22/2023 16:56:00,110744.91,110213.12,111643.3,110178.19
5/23/2023 16:56:00,110212.54,109928.53,111324.7,109713.06
5/24/2023 16:56:00,109919.92,108799.54,109919.92,108546.09
5/25/2023 16:56:00,108799.6,110054.38,111114.53,108799.6
5/26/2023 16:56:00,110057.62,110905.51,111705.53,109900.4
5/29/2023 16:56:00,110905.81,110333.4,111168.05,110195.11
5/30/2023 16:56:00,110333.4,108967.03,111290.69,108551.51
5/31/2023 16:56:00,108967.03,108335.07,109136.79,108193.41
6/1/2023 16:56:00,108339.14,110564.66,110745.4,108334.59
6/2/2023 16:56:00,110568.4,112558.15,113069.55,110567.44
6/5/2023 16:56:00,112558.15,112696.32,113071.2,111736.44
6/6/2023 16:56:00,112697.26,114610.1,114782.66,112695.6
6/7/2023 16:56:00,114610.22,115488.16,115978.12,114610.22
6/9/2023 16:56:00,115488.91,117019.48,117602.97,115488.91
6/12/2023 16:56:00,117021.59,117336.34,117734.99,116704.14
6/13/2023 16:56:00,117337.35,116742.71,117924.06,116363.43
6/14/2023 16:56:00,116753.31,119068.77,119084.5,116744.58
6/15/2023 16:56:00,119068.45,119221,119686.12,118692.8
6/16/2023 16:56:00,119208.35,118758.42,119554.92,118487.3
6/19/2023 16:56:00,118756.79,119857.76,119939,118557.81
6/20/2023 16:56:00,119857.76,119622.4,119857.76,118415.66
6/21/2023 16:56:00,119623.1,120420.26,120518.52,119332
6/22/2023 16:56:00,120419.87,118934.2,120419.87,118018.03
6/23/2023 16:56:00,118959.01,118977.1,119386.09,118178.09
6/26/2023 16:56:00,118977.38,118242.95,119147.99,117490.8
6/27/2023 16:56:00,118246.17,117522.87,119211.58,116561.04
6/28/2023 16:56:00,117524.21,116681.32,117936.71,116559.7
6/29/2023 16:56:00,116682.51,118382.65,118622.75,116682.51
6/30/2023 16:56:00,118387.53,118087,119447.25,118087
7/3/2023 16:56:00,118092.02,119672.78,119877.04,118092.02
7/4/2023 16:56:00,119672.95,119076.37,119677.86,118830.47
7/5/2023 16:56:00,119072.03,119549.21,120199.87,118688.39
7/6/2023 16:56:00,119548.02,117425.7,119548.02,117095.88
7/7/2023 16:56:00,117426.95,118897.99,119548.71,117426.95
7/10/2023 16:56:00,118897.42,117942.44,118897.42,117814.49
7/11/2023 16:56:00,117941.81,117219.95,117941.81,115703.93
7/12/2023 16:56:00,117557.13,117666.49,119156.48,117557.13
7/13/2023 16:56:00,117670.79,119263.89,119739.09,117668.13
7/14/2023 16:56:00,119268.24,117710.54,119328.65,117525.54
7/17/2023 16:56:00,117710.54,118219.46,118302.34,116591.12
7/18/2023 16:56:00,118217.99,117841.19,118731.86,117324.1
7/19/2023 16:56:00,117841.92,117552.07,118011.46,116659.55
7/20/2023 16:56:00,117558.37,118082.9,118290.29,117484.27
7/21/2023 16:56:00,118090.4,120216.77,120372.77,118085.75
7/24/2023 16:56:00,120219.62,121341.69,121771.71,120099.34
7/25/2023 16:56:00,121343.58,122007.77,123009.9,121343.58
7/26/2023 16:56:00,122002.76,122560.38,122746.72,121370.43
7/27/2023 16:56:00,122560.38,119989.64,122598.97,119824.52
7/28/2023 16:56:00,120002.29,120187.11,120660.21,119706.26
7/31/2023 16:56:00,120187.87,121942.98,122148.81,120187.87
8/1/2023 16:56:00,121944.64,121248.39,121944.64,120153.62
8/2/2023 16:56:00,121249.27,120858.72,121251.53,119797.92
8/3/2023 16:56:00,120859.46,120585.77,122619.14,120365.38
8/4/2023 16:56:00,120585.58,119507.68,121442.02,119215.02
8/7/2023 16:56:00,119509.35,119379.5,120103.93,118893.9
8/8/2023 16:56:00,119378.14,119090.24,119552.69,117491.95
8/9/2023 16:56:00,119089.61,118408.77,119089.61,117901.04
8/10/2023 16:56:00,118412.19,118349.6,119438.15,118112.68
8/11/2023 16:56:00,118349.6,118065.14,119053.92,117415.21
8/14/2023 16:56:00,118066.52,116809.55,118081.9,116529.96
8/15/2023 16:56:00,116808.91,116171.42,117697.25,116033.15
8/16/2023 16:56:00,116171.26,115591.52,117337.65,115533.58
8/17/2023 16:56:00,115592.14,114982.3,116610.49,114859.21
8/18/2023 16:56:00,114973.4,115408.52,115728.91,114423.28
8/21/2023 16:56:00,115403.81,114429.35,115424.65,114066.51
8/22/2023 16:56:00,114433.39,116156.01,116285.57,114433.39
8/23/2023 16:56:00,116159.67,118134.59,118134.59,116158.89
8/24/2023 16:56:00,118135.08,117025.6,118135.57,116847.66
8/25/2023 16:56:00,117025.02,115837.2,117252.11,115396.62
8/28/2023 16:56:00,115838.36,117120.98,117252.99,115835.71
8/29/2023 16:56:00,117123.7,118403.61,118493.13,117123.7
8/30/2023 16:56:00,118404.16,117535.1,118840.8,117470.87
8/31/2023 16:56:00,117537.42,115741.81,117636.62,115741.81
9/1/2023 16:56:00,115743.8,117892.96,117990.61,115743.8
9/4/2023 16:56:00,117892.95,117776.62,118576.42,117589.94
9/5/2023 16:56:00,117776.37,117331.3,117956.71,116637.02
9/6/2023 16:56:00,117331.3,115985.34,117970.71,115983.53
9/8/2023 16:56:00,115979.43,115313.4,115979.43,114838.85
9/11/2023 16:56:00,115315.94,116883.34,117130.81,115315.94
9/12/2023 16:56:00,116885.04,117968.12,118153.67,116885.04
9/13/2023 16:56:00,117968.12,118175.97,119317.66,117721.83
9/14/2023 16:56:00,118181.15,119391.55,119748.08,118181.15
9/15/2023 16:56:00,119392.62,118757.53,119780.2,118666.46
9/18/2023 16:56:00,118758.67,118288.21,119485.9,118122.66
9/19/2023 16:56:00,118288.21,117845.78,118457.81,117627.67
9/20/2023 16:56:00,117863.67,118695.32,119615.7,117846.51
9/21/2023 16:56:00,118695.09,116145.05,118695.09,116012.92
9/22/2023 16:56:00,116147.03,116008.64,116967.5,115855.48
9/25/2023 16:56:00,116008.64,115924.61,116030.83,115573.35
9/26/2023 16:56:00,115922.45,114193.43,115922.45,114162.28
9/27/2023 16:56:00,114193.43,114327.05,115340.41,113365.75
9/28/2023 16:56:00,114327.05,115730.76,115953.65,114180.49
9/29/2023 16:56:00,115742.27,116565.17,116899.02,115742.27
10/2/2023 16:56:00,116565.17,115056.86,116672.3,114761.1
10/3/2023 16:56:00,115054.87,113419.04,115055.63,113150.89
10/4/2023 16:56:00,113430.05,113607.45,114075.29,113036.3
10/5/2023 16:56:00,113608.78,113284.08,114359.33,112704.87
10/6/2023 16:56:00,113282.5,114169.63,114491,111598.57
10/9/2023 16:56:00,114168.99,115156.07,115218.65,113448.18
10/10/2023 16:56:00,115157.9,116736.95,116899.51,115157.9
10/11/2023 16:56:00,116736.95,117050.74,117098.64,116231.22
10/13/2023 16:56:00,117049.99,115754.08,117070.35,115658.27
10/16/2023 16:56:00,115759.93,116533.85,116905.38,115759.93
10/17/2023 16:56:00,116526.43,115908.43,116916.68,115563.93
10/18/2023 16:56:00,115907.04,114059.64,115907.04,113952.11
10/19/2023 16:56:00,114059.49,114004.3,115062.61,113767.75
10/20/2023 16:56:00,113996.28,113155.28,114089.58,112533.33
10/23/2023 16:56:00,113144.74,112784.52,113679.63,112164.36
10/24/2023 16:56:00,112813.83,113761.9,114248.72,112813.83
10/25/2023 16:56:00,113761.9,112829.97,114318.65,112680.27
10/26/2023 16:56:00,112840.03,114776.86,114885.61,112840.03
10/27/2023 16:56:00,114776.86,113301.35,115341.65,112953.38
10/30/2023 16:56:00,113303.16,112531.52,114204.07,112308.5
10/31/2023 16:56:00,112534.49,113143.67,113597.32,112098.12
11/1/2023 16:56:00,113156.7,115052.96,115433.25,113156.7
11/3/2023 16:56:00,115062.37,118159.97,118501.8,115062.37
11/6/2023 16:56:00,118159.97,118431.25,118757.52,118044.82
11/7/2023 16:56:00,118422.18,119268.06,119576.62,118026.33
11/8/2023 16:56:00,119268.06,119176.67,119975.84,118463.87
11/9/2023 16:56:00,119180.45,119034.14,120256.62,118445.86
11/10/2023 16:56:00,119035.85,120568.14,120822.77,119035.85
11/13/2023 16:56:00,120561.18,120410.17,120606.3,119878.23
11/14/2023 16:56:00,120410.51,123165.76,123370.35,120410.51
11/16/2023 16:56:00,123165.3,124639.24,124736.97,123165.3
11/17/2023 16:56:00,124639.24,124773.21,125431.07,124546.59
11/20/2023 16:56:00,124773.21,125957.06,126162.01,124773.21
11/21/2023 16:56:00,125957.06,125626.03,125957.06,125059.77
11/22/2023 16:56:00,125626.2,126035.3,126875.11,125439.03
11/23/2023 16:56:00,126034.62,126575.75,126759.88,125763.78
11/24/2023 16:56:00,126552.58,125517.27,126552.58,125341.01
11/27/2023 16:56:00,125517.27,125731.45,125826.08,124839.65
11/28/2023 16:56:00,125725.69,126538.32,126916,125387.96
11/29/2023 16:56:00,126540.64,126165.64,127388.15,126017.97
11/30/2023 16:56:00,126168.35,127331.12,127398.69,126168.35
12/1/2023 16:56:00,127331.12,128184.91,128184.91,126655.67
12/4/2023 16:56:00,128182.88,126802.79,128182.88,126643.22
12/5/2023 16:56:00,126802.4,126903.25,127488.56,126491.48
12/6/2023 16:56:00,126906.7,125622.65,127537.55,125614.35
12/7/2023 16:56:00,125622.65,126009.57,126581.04,125565.53
12/8/2023 16:56:00,126009.57,127093.57,127289.43,125562.34
12/11/2023 16:56:00,127092.79,126916.41,127153.64,126526.12
12/12/2023 16:56:00,126922.95,126403.03,127359.19,126013.15
12/13/2023 16:56:00,126406.22,129465.08,129793.35,126298.76
12/14/2023 16:56:00,129469.02,130842.09,131259.81,129469.02
12/15/2023 16:56:00,130841.93,130197.1,131661.25,129883.62
12/18/2023 16:56:00,130202.35,131083.82,131447.26,130198.41
12/19/2023 16:56:00,131087.68,131850.9,132046.93,131085.81
12/20/2023 16:56:00,131850.9,130804.17,132340.75,130709.8
12/21/2023 16:56:00,130826.19,132182.01,132276.93,130822.35
12/22/2023 16:56:00,132182.01,132752.93,133035.32,132093.76
12/26/2023 16:56:00,132752.96,133532.92,133644.65,132752.96
12/27/2023 16:56:00,133523.4,134193.72,134195.47,133328.39
12/28/2023 16:56:00,134193.59,134185.24,134391.67,133832.26
1/2/2024 16:56:00,134185.58,132696.63,134194.94,132094.61
1/3/2024 16:56:00,132696.78,132833.95,133575.58,132250.07
1/4/2024 16:56:00,132830.97,131225.91,132885.11,131023.71
1/5/2024 16:56:00,131218.4,132022.92,132634.81,130578.83
1/8/2024 16:56:00,132022.92,132426.54,132498.05,131014.77
1/9/2024 16:56:00,132423.55,131446.59,132425.91,131203.45
1/10/2024 16:56:00,131446.59,130841.09,131627.6,130438.06
1/11/2024 16:56:00,130841.09,130648.75,131307.69,129897.76
1/12/2024 16:56:00,130652.22,130987.67,131927.11,130409.66
1/15/2024 16:56:00,130988.17,131520.91,131606.14,130252.73
1/16/2024 16:56:00,131514.92,129294.04,131516.52,129146.61
1/17/2024 16:56:00,129293.35,128523.83,129296.43,128311.94
1/18/2024 16:56:00,128524.43,127315.74,129046.63,127315.74
1/19/2024 16:56:00,127319.31,127635.65,127820.13,126533
1/22/2024 16:56:00,127636.32,126601.55,127842.59,125875.65
1/23/2024 16:56:00,126611.68,128262.52,128331.38,126611.68
1/24/2024 16:56:00,128275.09,127815.7,129445.69,127679.99
1/25/2024 16:56:00,127814.9,128168.73,128696.68,127803.05
1/26/2024 16:56:00,128195.76,128967.32,129252.15,127868.8
1/29/2024 16:56:00,128969.74,128502.66,129068.28,127852.82
1/30/2024 16:56:00,128492.38,127401.81,128492.38,127104.69
1/31/2024 16:56:00,127401.93,127752.28,129558.45,127326.08
2/1/2024 16:56:00,127752.28,128481.02,128481.02,127283.98
2/2/2024 16:56:00,128470.73,127182.25,128878.43,126627.88
2/5/2024 16:56:00,127181.56,127593.49,127834.29,126443.28
2/6/2024 16:56:00,127592.8,130416.31,130416.95,127592.8
2/7/2024 16:56:00,130412.2,129949.9,130551.96,129426.4
2/8/2024 16:56:00,129949.78,128216.92,130125.92,127912.23
2/9/2024 16:56:00,128215.62,128025.7,128895.67,127579.4
2/14/2024 16:56:00,128025.57,127018.29,128025.7,126662.85
2/15/2024 16:56:00,127018.29,127804.13,127823.63,126932.47
2/16/2024 16:56:00,127808.92,128725.88,129069.14,127652.73
2/19/2024 16:56:00,128719.87,129035.74,129035.92,128096.54
2/20/2024 16:56:00,129032.88,129916.11,129916.11,128326.04
2/21/2024 16:56:00,129915.73,130031.58,130033.91,129358.66
2/22/2024 16:56:00,130034.97,130240.55,130829.45,129970.8
2/23/2024 16:56:00,130240.23,129418.73,130624.33,129077.28
2/26/2024 16:56:00,129416.99,129609.05,129977.73,129076.84
2/27/2024 16:56:00,129612.94,131689.37,131696.37,129612.94
2/28/2024 16:56:00,131684.56,130155.43,131684.56,129770.76
2/29/2024 16:56:00,130154.84,129020.02,130154.84,128669.29
3/1/2024 16:56:00,129025.52,129180.37,129715.51,128717.01
3/4/2024 16:56:00,129176.34,128340.54,129307.41,128278.26
3/5/2024 16:56:00,128336.31,128098.11,128989.02,127823.31
3/6/2024 16:56:00,128098.95,128890.23,129323.12,128098.95
3/7/2024 16:56:00,128890.31,128339.76,129187.69,128032.56
3/8/2024 16:56:00,128334.69,127070.79,128338.33,125802.48
3/11/2024 16:56:00,127067.97,126123.56,127067.97,126065.16
3/12/2024 16:56:00,126123.88,127667.84,128039.47,126120.68
3/13/2024 16:56:00,127667.84,128006.05,128529.63,127438.99
3/14/2024 16:56:00,127992.4,127689.97,128255.78,127192.19
3/15/2024 16:56:00,127682.47,126741.81,127957.49,126501.85
3/18/2024 16:56:00,126758.48,126954.18,127540.21,126272.19
3/19/2024 16:56:00,126954.83,127528.85,128000.08,126954.83
3/20/2024 16:56:00,127534.1,129124.83,129209.98,127348.62
3/21/2024 16:56:00,129125.42,128158.57,129555.91,128092.84
3/22/2024 16:56:00,128158.57,127027.1,128158.57,126879.44
3/25/2024 16:56:00,127027.1,126931.47,127224.32,126750.47
3/26/2024 16:56:00,126931.47,126863.02,127192.86,126590.67
3/27/2024 16:56:00,126863.02,127690.62,127755.93,126222.95
3/28/2024 16:56:00,127689.19,128106.1,128363.98,127270.19
4/1/2024 16:56:00,128106.1,126990.45,128658.86,126771.8
4/2/2024 16:56:00,126990.45,127548.52,127654.04,126669.22
4/3/2024 16:56:00,127546.08,127318.39,127693.56,126181.37
4/4/2024 16:56:00,127312.69,127427.53,129627.13,127177.66
4/5/2024 16:56:00,127421.74,126795.41,127432.2,126394.13
4/8/2024 16:56:00,126796.42,128857.16,129178.14,126796.42
4/9/2024 16:56:00,128857.84,129890.37,129956.18,128826.38
4/10/2024 16:56:00,129871.64,128053.74,129871.64,127731.77
4/11/2024 16:56:00,128051.34,127396.35,128051.34,127069.43
4/12/2024 16:56:00,127396.3,125946.09,127639.9,125635.13
4/15/2024 16:56:00,125946.09,125333.89,126250.41,125033.98
4/16/2024 16:56:00,125315.63,124388.62,125315.63,123756.08
4/17/2024 16:56:00,124388.62,124171.15,125300.97,123641.94
4/18/2024 16:56:00,124170.67,124196.18,125140.22,123396.53
4/19/2024 16:56:00,124196.61,125124.3,125508.91,124056.03
4/22/2024 16:56:00,125124.3,125573.16,126081.14,124633.03
4/23/2024 16:56:00,125571.86,125148.07,125825.7,124310.1
4/24/2024 16:56:00,125149.18,124740.69,125472.55,124555.92
4/25/2024 16:56:00,124717.88,124645.58,124731.65,123702.89
4/26/2024 16:56:00,124650.92,126526.27,126826.13,124650.92
4/29/2024 16:56:00,126526.73,127351.79,127351.79,126466.58
4/30/2024 16:56:00,127351.57,125924.19,127351.62,125855.79
5/2/2024 16:56:00,125925.55,127122.25,127670.16,125925.55
5/3/2024 16:56:00,127130.46,128508.67,128786.96,127130.46